politician_key,donor_name,donor_type,num_donors,num_donations,total_15yr,total_10yr,total_5yr,total_2025
"Abernathy, Kimi",Small Donors (Under $100),Small Donor Summary,22,39,1703,1703,0,0
"Abney, Carol Venea",Small Donors (Under $100),Small Donor Summary,5,12,389,389,0,0
"Adkins, Wesley",Small Donors (Under $100),Small Donor Summary,59,106,2571,2571,2571,0
"Aikens, Tony R.",Small Donors (Under $100),Small Donor Summary,9,9,570,570,0,0
"Akbari, Raumesh",Small Donors (Under $100),Small Donor Summary,2,2,100,0,0,0
"Alexander, David",Small Donors (Under $100),Small Donor Summary,40,46,1990,650,0,0
"Alexander, Rebecca",Small Donors (Under $100),Small Donor Summary,4,5,250,250,250,0
"Allers, Tony",Small Donors (Under $100),Small Donor Summary,1,4,228,0,0,0
"Andreson, Laura",Small Donors (Under $100),Small Donor Summary,230,265,8717,8717,8717,110
"Armstrong, Joe",Small Donors (Under $100),Small Donor Summary,2,2,100,0,0,0
"Arp, Doyle",Small Donors (Under $100),Small Donor Summary,20,20,965,965,0,0
"Ashworth, Julie Byrd",Small Donors (Under $100),Small Donor Summary,2,3,141,141,0,0
"Atchley, Fred",Small Donors (Under $100),Small Donor Summary,17,21,905,905,905,200
"Atwater, Carnita (Governor Campaign)",Small Donors (Under $100),Small Donor Summary,1,1,50,50,50,0
"Averwater, Jami K.",Small Donors (Under $100),Small Donor Summary,1,1,23,23,23,0
"Backus, Anne",Small Donors (Under $100),Small Donor Summary,150,283,8554,8554,8554,629
"Bailey, Paul",Small Donors (Under $100),Small Donor Summary,5,10,530,530,530,430
"Ballinger, Jamie",Small Donors (Under $100),Small Donor Summary,379,512,17423,17423,0,0
"Barnes, Tim",Small Donors (Under $100),Small Donor Summary,18,19,940,0,0,0
"Barrett, Jody",Small Donors (Under $100),Small Donor Summary,4,8,364,364,364,364
"Batt, Brad",Small Donors (Under $100),Small Donor Summary,7,39,788,788,0,0
"Baum, Charlie",Small Donors (Under $100),Small Donor Summary,54,64,2836,2836,2704,400
"Beale, Alison",Small Donors (Under $100),Small Donor Summary,412,799,29802,29802,29802,297
"Beathard, Brian",Small Donors (Under $100),Small Donor Summary,2,3,150,150,150,0
"Beavers (Senate), Mae",Small Donors (Under $100),Small Donor Summary,2,4,80,0,0,0
"Beavers, Mae",Small Donors (Under $100),Small Donor Summary,187,322,9272,7247,0,0
"Beck, Bill",Small Donors (Under $100),Small Donor Summary,12,12,469,469,25,0
"Behn, Aftyn",Small Donors (Under $100),Small Donor Summary,1633,2143,58132,58132,58132,31589
"Bell, Mike",Small Donors (Under $100),Small Donor Summary,1,1,50,50,0,0
Bennett  Andrew F.,Small Donors (Under $100),Small Donor Summary,7,9,279,0,0,0
"Black, Diane",Small Donors (Under $100),Small Donor Summary,1495,1995,60103,60103,0,0
"Blackburn, Marsha (Governor Campaign)",Small Donors (Under $100),Small Donor Summary,14145,31184,684793,684793,684793,684793
"Blalock, Davette",Small Donors (Under $100),Small Donor Summary,1,1,69,69,0,0
"Bobo, Chad",Small Donors (Under $100),Small Donor Summary,27,35,1527,1527,1527,52
"Bohling, Laura",Small Donors (Under $100),Small Donor Summary,47,182,5042,5042,4842,0
"Bolton, Julian T.",Small Donors (Under $100),Small Donor Summary,6,6,300,300,300,0
"Bottoms, Jeff",Small Donors (Under $100),Small Donor Summary,1,1,25,0,0,0
"Bounds, Patti",Small Donors (Under $100),Small Donor Summary,13,13,908,908,0,0
"Bowling, Janice",Small Donors (Under $100),Small Donor Summary,91,102,4520,1575,50,0
"Boyd, Clark",Small Donors (Under $100),Small Donor Summary,5,5,306,225,100,50
"Boyd, Randy (Governor Campaign)",Small Donors (Under $100),Small Donor Summary,90,119,3777,3777,0,0
"Brabson, Vanderbilt",Small Donors (Under $100),Small Donor Summary,10,12,508,0,0,0
"Braddock, Leslie",Small Donors (Under $100),Small Donor Summary,1,1,23,23,23,0
"Brasher, Tyler",Small Donors (Under $100),Small Donor Summary,46,53,2193,2193,2193,0
"Brewer, Brian K.",Small Donors (Under $100),Small Donor Summary,6,6,217,0,0,0
"Brewer, Maria",Small Donors (Under $100),Small Donor Summary,1,1,25,0,0,0
"Bricco, Rory",Small Donors (Under $100),Small Donor Summary,2,4,90,0,0,0
"Bricken, Rush",Small Donors (Under $100),Small Donor Summary,9,18,880,880,0,0
"Briggs, Richard",Small Donors (Under $100),Small Donor Summary,41,42,1880,435,50,0
"Bright, Nick",Small Donors (Under $100),Small Donor Summary,8,11,500,500,500,0
"Brooks, Harry",Small Donors (Under $100),Small Donor Summary,10,11,626,0,0,0
"Brooks, Kevin",Small Donors (Under $100),Small Donor Summary,6,7,325,100,0,0
"Brooks, Shaundelle",Small Donors (Under $100),Small Donor Summary,501,1570,44930,44930,44930,306
"Brown, Cheryl (Cheri)",Small Donors (Under $100),Small Donor Summary,17,19,490,490,490,0
"Brown, Christian",Small Donors (Under $100),Small Donor Summary,2,2,6,6,6,0
"Bruni, Sylvain",Small Donors (Under $100),Small Donor Summary,1,9,404,404,404,0
"Bryan, Domonica",Small Donors (Under $100),Small Donor Summary,270,470,12535,12535,12535,0
"Bulso, Gino",Small Donors (Under $100),Small Donor Summary,16,16,776,776,776,0
"Burke, Rebecca Ann",Small Donors (Under $100),Small Donor Summary,1,1,9,9,0,0
"Bush, Jay",Small Donors (Under $100),Small Donor Summary,12,14,665,665,0,0
"Butler, Ed",Small Donors (Under $100),Small Donor Summary,5,12,480,480,480,100
"Butt, Sheila",Small Donors (Under $100),Small Donor Summary,32,43,2317,339,0,0
"Calfee, Kent",Small Donors (Under $100),Small Donor Summary,2,2,95,50,0,0
"Callis, Angela",Small Donors (Under $100),Small Donor Summary,1,1,99,99,0,0
"Campbell, Heidi",Small Donors (Under $100),Small Donor Summary,730,1252,33167,33167,30502,7528
"Campbell, James G.",Small Donors (Under $100),Small Donor Summary,6,8,325,325,0,0
"Campbell, Scotty",Small Donors (Under $100),Small Donor Summary,1,1,50,50,0,0
"Campbell, Seth James",Small Donors (Under $100),Small Donor Summary,1,1,24,24,0,0
"Camper, Karen",Small Donors (Under $100),Small Donor Summary,1,1,25,25,25,0
"Campfield, Stacey",Small Donors (Under $100),Small Donor Summary,37,45,1790,200,0,0
"Canada, Diane Michel",Small Donors (Under $100),Small Donor Summary,21,21,794,794,0,0
"Capley, Kip",Small Donors (Under $100),Small Donor Summary,4,4,140,140,140,140
"Cardoza-Moore, Laurie",Small Donors (Under $100),Small Donor Summary,2,2,117,117,117,0
"Carfi, Mary Alice",Small Donors (Under $100),Small Donor Summary,67,85,3058,3058,0,0
"Carona, Ailina",Small Donors (Under $100),Small Donor Summary,334,653,17355,17355,17355,62
"Carr, Dale",Small Donors (Under $100),Small Donor Summary,20,23,969,870,500,0
"Carr, Joe",Small Donors (Under $100),Small Donor Summary,1,1,85,0,0,0
"Carringer, Michele",Small Donors (Under $100),Small Donor Summary,3,3,157,157,0,0
"Carson, Karen",Small Donors (Under $100),Small Donor Summary,19,19,880,0,0,0
"Carter, Mike",Small Donors (Under $100),Small Donor Summary,23,46,2120,1020,0,0
"Carver, Lauren",Small Donors (Under $100),Small Donor Summary,12,13,378,378,378,0
"Casada, Glen",Small Donors (Under $100),Small Donor Summary,2,6,441,0,0,0
"Castle Doyle, Deborah",Small Donors (Under $100),Small Donor Summary,3,4,245,245,245,0
"Castleman, Bennie W.",Small Donors (Under $100),Small Donor Summary,1,1,25,25,0,0
"Cepicky, Scott",Small Donors (Under $100),Small Donor Summary,1,2,32,32,0,0
"Chandler, Walter",Small Donors (Under $100),Small Donor Summary,102,155,4307,4307,4307,0
"Charles, Juanita",Small Donors (Under $100),Small Donor Summary,8,15,605,605,0,0
"Chase, Andrea",Small Donors (Under $100),Small Donor Summary,3,3,100,100,100,0
"Chism, Jesse",Small Donors (Under $100),Small Donor Summary,21,23,936,936,478,280
"Clark, Doyle",Small Donors (Under $100),Small Donor Summary,1,1,50,50,0,0
"Clark, Jay",Small Donors (Under $100),Small Donor Summary,41,113,4104,4104,0,0
"Claybaker, Ben",Small Donors (Under $100),Small Donor Summary,4,4,170,0,0,0
"Clayton, Terry",Small Donors (Under $100),Small Donor Summary,4,7,250,250,0,0
"Clemmons, John Ray",Small Donors (Under $100),Small Donor Summary,4,4,175,125,0,0
"Clemons, Chase",Small Donors (Under $100),Small Donor Summary,12,26,1315,1315,0,0
"Cobb, James",Small Donors (Under $100),Small Donor Summary,6,6,260,0,0,0
"Cobb, James T. (Bubba)",Small Donors (Under $100),Small Donor Summary,1,1,25,25,25,0
"Cobb, Ty",Small Donors (Under $100),Small Donor Summary,125,344,11964,0,0,0
"Cochran, Joni",Small Donors (Under $100),Small Donor Summary,207,778,23628,23628,23628,4676
"Cochran, Mark",Small Donors (Under $100),Small Donor Summary,3,6,250,250,0,0
"Cody, Kenny",Small Donors (Under $100),Small Donor Summary,18,18,447,447,447,447
"Coggin, Adam",Small Donors (Under $100),Small Donor Summary,3,3,75,0,0,0
"Coker, Jeff",Small Donors (Under $100),Small Donor Summary,24,24,940,0,0,0
"Cole, Justin (Andy)",Small Donors (Under $100),Small Donor Summary,19,19,741,370,0,0
"Coleman, Erin",Small Donors (Under $100),Small Donor Summary,8,8,390,390,0,0
"Collins, Amanda",Small Donors (Under $100),Small Donor Summary,5,18,848,848,848,0
"Coonrod, Demetrus",Small Donors (Under $100),Small Donor Summary,6,12,512,512,512,0
"Cooper, Charles (Charlie)",Small Donors (Under $100),Small Donor Summary,1,1,50,50,50,0
"Couch, Virginia",Small Donors (Under $100),Small Donor Summary,29,50,1562,1562,0,0
"Coury, Joe",Small Donors (Under $100),Small Donor Summary,4,6,200,200,0,0
"Cox, Beth",Small Donors (Under $100),Small Donor Summary,23,25,1308,1308,0,0
"Coy, Tim",Small Donors (Under $100),Small Donor Summary,1,1,50,50,50,0
"Craig, Kate",Small Donors (Under $100),Small Donor Summary,33,57,1930,1930,1930,0
"Crangle, Tommy F.",Small Donors (Under $100),Small Donor Summary,18,18,671,0,0,0
"Creasy, Allan",Small Donors (Under $100),Small Donor Summary,1,1,24,24,0,0
"Crisp, Jane R.",Small Donors (Under $100),Small Donor Summary,9,13,570,0,0,0
"Crowell, Shaun",Small Donors (Under $100),Small Donor Summary,2,3,110,0,0,0
"Crutchfield, Missy",Small Donors (Under $100),Small Donor Summary,13,13,430,430,430,0
"Cuellar, Diana",Small Donors (Under $100),Small Donor Summary,3,3,90,0,0,0
"Curcio, Michael G.",Small Donors (Under $100),Small Donor Summary,5,5,312,87,87,0
"Curry, Shirley B.",Small Donors (Under $100),Small Donor Summary,1,1,25,0,0,0
"Cutting, David L.",Small Donors (Under $100),Small Donor Summary,1,1,25,25,0,0
"Dallas, James Evan",Small Donors (Under $100),Small Donor Summary,96,162,4878,4878,4878,0
"Daniel, Jack",Small Donors (Under $100),Small Donor Summary,1,1,39,0,0,0
"Davis, Anthony",Small Donors (Under $100),Small Donor Summary,21,21,825,825,825,0
"Davis, Elaine",Small Donors (Under $100),Small Donor Summary,57,64,2594,2594,1872,180
"Davis, Justin",Small Donors (Under $100),Small Donor Summary,11,16,661,661,0,0
"Davis, Nevada Scott",Small Donors (Under $100),Small Donor Summary,1,2,64,64,0,0
"Dawson, Richard",Small Donors (Under $100),Small Donor Summary,126,181,6850,6850,0,0
"Day, Lauri",Small Donors (Under $100),Small Donor Summary,1,1,25,0,0,0
"Dean, Karl (Governor Campaign)",Small Donors (Under $100),Small Donor Summary,70,152,6074,6074,0,0
"Degan, Woody",Small Donors (Under $100),Small Donor Summary,2,2,75,0,0,0
"Dennis, Vance",Small Donors (Under $100),Small Donor Summary,5,5,175,0,0,0
"Dewitt, Deanne",Small Donors (Under $100),Small Donor Summary,27,30,1400,1400,1400,0
"Dickerson, Luke E.",Small Donors (Under $100),Small Donor Summary,7,9,394,0,0,0
"Dickerson, Steven",Small Donors (Under $100),Small Donor Summary,26,26,1235,0,0,0
"Dickey, H. Dean",Small Donors (Under $100),Small Donor Summary,1,1,50,0,0,0
"Dixie, Vincent",Small Donors (Under $100),Small Donor Summary,39,98,3854,3854,2360,150
"Dockery, Michael",Small Donors (Under $100),Small Donor Summary,11,11,525,0,0,0
"Dodds, Brandon",Small Donors (Under $100),Small Donor Summary,6,12,720,0,0,0
"Dodson, Jim",Small Donors (Under $100),Small Donor Summary,2,4,190,190,190,0
"Doggett, Clay",Small Donors (Under $100),Small Donor Summary,46,68,2391,2391,830,190
"Doss, Barry",Small Donors (Under $100),Small Donor Summary,2,4,220,0,0,0
"Doster, Dennis",Small Donors (Under $100),Small Donor Summary,2,2,75,75,0,0
"Dotson,  Marquis",Small Donors (Under $100),Small Donor Summary,42,78,2502,2502,2502,0
"Drake, Rose Mary",Small Donors (Under $100),Small Donor Summary,86,131,3928,3928,3928,0
"Dressel, Nathan",Small Donors (Under $100),Small Donor Summary,10,10,350,350,350,0
"Dubois, Sue",Small Donors (Under $100),Small Donor Summary,2,4,180,180,180,0
"Duffin, Carol",Small Donors (Under $100),Small Donor Summary,20,20,411,411,411,0
"Dunham, Robert F.",Small Donors (Under $100),Small Donor Summary,24,28,1150,0,0,0
"Dunlap, W. Kevin",Small Donors (Under $100),Small Donor Summary,28,29,1375,50,0,0
"Dunn, Bill",Small Donors (Under $100),Small Donor Summary,3,3,100,20,0,0
"Dunn, Eric",Small Donors (Under $100),Small Donor Summary,1,1,10,10,10,0
"Durham, Jeremy",Small Donors (Under $100),Small Donor Summary,3,6,412,0,0,0
"Dykes,  Roland A.",Small Donors (Under $100),Small Donor Summary,1,2,100,0,0,0
"Eaton, Frank",Small Donors (Under $100),Small Donor Summary,2,8,430,0,0,0
"Eldridge, Rick",Small Donors (Under $100),Small Donor Summary,12,12,575,575,475,50
"Ellison, Robin",Small Donors (Under $100),Small Donor Summary,17,20,681,681,681,0
"Emert, Jason",Small Donors (Under $100),Small Donor Summary,53,114,4944,980,980,0
"Evans, Dustin",Small Donors (Under $100),Small Donor Summary,14,18,644,644,0,0
"Ewing, Rick",Small Donors (Under $100),Small Donor Summary,28,28,960,960,960,960
"Faison, Jeremy",Small Donors (Under $100),Small Donor Summary,38,82,4136,2106,166,0
"Fannon, Bob",Small Donors (Under $100),Small Donor Summary,2,2,45,45,0,0
"Farless, Israel",Small Donors (Under $100),Small Donor Summary,6,12,560,560,560,0
"Farmer, Andrew",Small Donors (Under $100),Small Donor Summary,1,1,50,50,0,0
"Farmer, Aniya",Small Donors (Under $100),Small Donor Summary,1,1,25,25,25,25
"Farmer, Trisha",Small Donors (Under $100),Small Donor Summary,54,73,2755,2755,0,0
"Ferry, Matt",Small Donors (Under $100),Small Donor Summary,166,278,7596,7596,3111,315
"Ferry, Matt H.",Small Donors (Under $100),Small Donor Summary,166,556,15192,15192,6222,630
"Field, Avery",Small Donors (Under $100),Small Donor Summary,11,11,880,880,0,0
"Finney, Lowe",Small Donors (Under $100),Small Donor Summary,28,28,775,0,0,0
"Fischman, Nancy",Small Donors (Under $100),Small Donor Summary,64,70,2727,2727,0,0
"Fitzgerald,  Vincyl",Small Donors (Under $100),Small Donor Summary,2,2,27,27,0,0
"Fitzhugh, Craig",Small Donors (Under $100),Small Donor Summary,2,2,75,75,0,0
"Floyd, Richard",Small Donors (Under $100),Small Donor Summary,1,1,50,0,0,0
"Foley, Jennifer",Small Donors (Under $100),Small Donor Summary,5,6,275,275,0,0
"Ford (2018), Jeff",Small Donors (Under $100),Small Donor Summary,2,2,75,75,0,0
"Ford, Dale",Small Donors (Under $100),Small Donor Summary,5,5,200,0,0,0
"Foreman, Michelle",Small Donors (Under $100),Small Donor Summary,12,24,1032,1032,1032,0
"Forgety, John W.",Small Donors (Under $100),Small Donor Summary,24,33,1330,182,0,0
"Fowler, Jenny",Small Donors (Under $100),Small Donor Summary,2,3,26,26,26,26
"Fowler, Kesa",Small Donors (Under $100),Small Donor Summary,37,41,1505,1505,1505,0
"Franklin, Telisa",Small Donors (Under $100),Small Donor Summary,11,12,541,541,541,491
"Freeman, Bob",Small Donors (Under $100),Small Donor Summary,95,170,6899,6899,6224,1790
"Frensley Webb, Jennifer",Small Donors (Under $100),Small Donor Summary,28,33,1510,1510,1510,0
"Fritts, Monty (Governor Campaign)",Small Donors (Under $100),Small Donor Summary,161,207,8350,8350,8350,6447
"Gant, Ron",Small Donors (Under $100),Small Donor Summary,70,196,3550,3350,2800,2488
"Gardenhire, Todd",Small Donors (Under $100),Small Donor Summary,13,13,609,593,150,0
"Garrett, Johnny",Small Donors (Under $100),Small Donor Summary,7,7,350,350,300,0
"Gaugh, Glen",Small Donors (Under $100),Small Donor Summary,1,1,50,50,0,0
"Gawrys, Steve",Small Donors (Under $100),Small Donor Summary,22,22,805,50,0,0
"Gentry, John",Small Donors (Under $100),Small Donor Summary,3,8,169,169,0,0
"Gentry, John Anthony",Small Donors (Under $100),Small Donor Summary,3,8,169,169,0,0
"Gilkey, Kyler",Small Donors (Under $100),Small Donor Summary,28,30,966,966,966,966
"Gill, Evelyn",Small Donors (Under $100),Small Donor Summary,31,34,1208,0,0,0
"Gillespie, John",Small Donors (Under $100),Small Donor Summary,7,7,313,313,240,0
"Gilman, Greg",Small Donors (Under $100),Small Donor Summary,3,3,170,170,170,0
"Gilmore, Brenda",Small Donors (Under $100),Small Donor Summary,1,4,100,100,100,0
"Glaser, Steven",Small Donors (Under $100),Small Donor Summary,3,3,157,0,0,0
"Glynn, Ronnie",Small Donors (Under $100),Small Donor Summary,521,949,28665,28665,22612,5513
"Goldberg, Bryan",Small Donors (Under $100),Small Donor Summary,3729,4045,55373,55373,55373,38330
"Gorman, Allison",Small Donors (Under $100),Small Donor Summary,185,372,10217,10217,10217,0
"Gotto, Jim",Small Donors (Under $100),Small Donor Summary,26,29,1282,0,0,0
"Gravitt, Marc",Small Donors (Under $100),Small Donor Summary,2,2,75,25,0,0
"Green, Jerri (Governor Campaign)",Small Donors (Under $100),Small Donor Summary,1989,2347,69133,69133,65374,65374
"Green, Mark",Small Donors (Under $100),Small Donor Summary,12,17,869,537,0,0
"Green, Mark E.",Small Donors (Under $100),Small Donor Summary,75,92,3588,0,0,0
"Gresham, Dolores",Small Donors (Under $100),Small Donor Summary,2,2,140,0,0,0
"Griffey, Bruce I.",Small Donors (Under $100),Small Donor Summary,26,29,2008,2008,1450,0
"Griffy, Kent",Small Donors (Under $100),Small Donor Summary,1,1,50,50,50,0
"Grills, Rusty",Small Donors (Under $100),Small Donor Summary,19,21,940,940,600,0
"Grimm, Kristen M",Small Donors (Under $100),Small Donor Summary,8,8,400,400,0,0
"Gross, Tony",Small Donors (Under $100),Small Donor Summary,2,2,100,0,0,0
"Hackworth, Jim",Small Donors (Under $100),Small Donor Summary,10,31,1015,0,0,0
"Haile, Ferrell",Small Donors (Under $100),Small Donor Summary,226,248,11508,4965,4465,475
"Hakeem, Yusuf",Small Donors (Under $100),Small Donor Summary,2,2,75,75,75,0
"Hale, Michael",Small Donors (Under $100),Small Donor Summary,2,2,60,60,60,0
"Halford, Curtis",Small Donors (Under $100),Small Donor Summary,15,15,675,400,0,0
"Hall (House), Mark",Small Donors (Under $100),Small Donor Summary,5,5,125,125,125,0
"Hall (Senate), Mark",Small Donors (Under $100),Small Donor Summary,2,2,75,75,75,0
"Hall, Mark",Small Donors (Under $100),Small Donor Summary,7,7,200,200,0,0
"Hall, Steve",Small Donors (Under $100),Small Donor Summary,3,3,125,0,0,0
"Hammond, Cary",Small Donors (Under $100),Small Donor Summary,31,46,1517,1517,1517,0
"Hammond, Cherie",Small Donors (Under $100),Small Donor Summary,1,2,112,0,0,0
"Hancock, Bill",Small Donors (Under $100),Small Donor Summary,14,15,1067,1067,1067,1067
"Hardaway, G.A.",Small Donors (Under $100),Small Donor Summary,19,20,926,0,0,0
"Harper, David R.",Small Donors (Under $100),Small Donor Summary,4,4,175,0,0,0
"Harper, Thelma",Small Donors (Under $100),Small Donor Summary,5,5,275,0,0,0
"Harrell, Lee",Small Donors (Under $100),Small Donor Summary,4,4,200,0,0,0
"Harring, Ryan",Small Donors (Under $100),Small Donor Summary,35,36,1379,0,0,0
"Harris, Brian Matthew (Matt)",Small Donors (Under $100),Small Donor Summary,1,2,100,100,100,0
"Harris, Jimmy",Small Donors (Under $100),Small Donor Summary,8,8,423,423,423,0
"Harris, Toniko S.",Small Donors (Under $100),Small Donor Summary,1,1,36,36,36,0
"Harris, Torrey",Small Donors (Under $100),Small Donor Summary,106,138,5593,5593,125,0
"Harshbarger, Bobby",Small Donors (Under $100),Small Donor Summary,1,1,48,48,48,48
"Hartley, Brad",Small Donors (Under $100),Small Donor Summary,40,44,1531,1531,0,0
"Harwell (House 16), Beth Halteman",Small Donors (Under $100),Small Donor Summary,2,2,148,148,0,0
"Harwell, Beth",Small Donors (Under $100),Small Donor Summary,197,244,7711,7711,0,0
"Harwell, Beth Halteman",Small Donors (Under $100),Small Donor Summary,1,1,50,0,0,0
"Haslam, Bill",Small Donors (Under $100),Small Donor Summary,1,2,72,0,0,0
"Haston, Kirk",Small Donors (Under $100),Small Donor Summary,28,33,1314,1314,0,0
"Hatcher, Tom",Small Donors (Under $100),Small Donor Summary,3,3,155,155,155,0
"Hawk, David",Small Donors (Under $100),Small Donor Summary,15,19,779,704,589,0
"Hawn, Derek",Small Donors (Under $100),Small Donor Summary,83,127,4343,4343,4343,0
"Hayes, Jeremy H. G.",Small Donors (Under $100),Small Donor Summary,3,7,345,345,0,0
"Haynes, Ryan",Small Donors (Under $100),Small Donor Summary,18,18,810,0,0,0
"Hazlewood, Patsy",Small Donors (Under $100),Small Donor Summary,20,20,938,938,708,0
"Hedgecough, Angela",Small Donors (Under $100),Small Donor Summary,4,5,185,185,0,0
"Hedrick, Teena",Small Donors (Under $100),Small Donor Summary,16,30,1229,1229,1229,0
"Helton, Richard",Small Donors (Under $100),Small Donor Summary,3,5,262,262,0,0
"Helton-Haynes, Esther",Small Donors (Under $100),Small Donor Summary,1,2,100,100,100,0
"Hemmer, Caleb",Small Donors (Under $100),Small Donor Summary,133,219,5771,5771,5771,446
"Henderson, Jordan",Small Donors (Under $100),Small Donor Summary,16,26,966,966,966,966
"Hendrix, Gayla",Small Donors (Under $100),Small Donor Summary,5,5,300,300,0,0
"Hensley, Joey",Small Donors (Under $100),Small Donor Summary,2,4,120,0,0,0
"Hicks, Gary",Small Donors (Under $100),Small Donor Summary,6,6,300,300,200,150
"Hill, Matthew",Small Donors (Under $100),Small Donor Summary,14,27,1353,278,0,0
"Hill, T. Robert",Small Donors (Under $100),Small Donor Summary,5,5,225,225,0,0
"Hill, Timothy",Small Donors (Under $100),Small Donor Summary,24,108,4482,1365,147,0
"Hipps, Amelia",Small Donors (Under $100),Small Donor Summary,1,2,100,100,0,0
"Hobbs, Timothy Tucker",Small Donors (Under $100),Small Donor Summary,1,1,50,50,0,0
"Hodges, Jason",Small Donors (Under $100),Small Donor Summary,4,4,120,120,0,0
"Holleman, Jason",Small Donors (Under $100),Small Donor Summary,36,82,3672,0,0,0
"Holmes, Aj",Small Donors (Under $100),Small Donor Summary,93,118,3882,3882,0,0
"Holmes, Menda",Small Donors (Under $100),Small Donor Summary,23,26,1174,1174,0,0
"Holsclaw, John",Small Donors (Under $100),Small Donor Summary,5,10,746,100,100,0
"Holt, Andrew",Small Donors (Under $100),Small Donor Summary,12,12,760,760,0,0
"Hood, Casey",Small Donors (Under $100),Small Donor Summary,5,5,125,125,0,0
"Hooven, David C.",Small Donors (Under $100),Small Donor Summary,1,1,30,30,30,0
"Houk, Zachary",Small Donors (Under $100),Small Donor Summary,1,1,50,50,0,0
"Howard, Dewayne",Small Donors (Under $100),Small Donor Summary,1,1,50,50,50,50
"Howell, Dan",Small Donors (Under $100),Small Donor Summary,2,6,420,420,420,150
"Huff, Christopher",Small Donors (Under $100),Small Donor Summary,10,13,658,658,658,0
"Huffer, Matthew",Small Donors (Under $100),Small Donor Summary,1,1,40,0,0,0
"Hulsey, Bud",Small Donors (Under $100),Small Donor Summary,5,6,297,200,75,0
"Humble, Gary",Small Donors (Under $100),Small Donor Summary,48,54,2563,2563,2563,1746
"Hurt, Chris",Small Donors (Under $100),Small Donor Summary,25,27,1282,1282,217,96
"Huseth, Jesse",Small Donors (Under $100),Small Donor Summary,3638,3810,53888,53888,53888,39183
"Irvine, Monica",Small Donors (Under $100),Small Donor Summary,69,88,3451,3451,3451,0
"Jackson, Ed",Small Donors (Under $100),Small Donor Summary,28,32,1600,1175,0,0
"Jelks, Deangelo",Small Donors (Under $100),Small Donor Summary,4,9,333,333,333,0
"Jernigan, Darren",Small Donors (Under $100),Small Donor Summary,1,1,5,5,5,0
"Jester, Tim",Small Donors (Under $100),Small Donor Summary,2,4,150,150,150,0
"Jeter, Ray",Small Donors (Under $100),Small Donor Summary,24,24,1147,1147,1147,0
"Johnson, Andrea Bond",Small Donors (Under $100),Small Donor Summary,8,19,710,710,0,0
"Johnson, Brian",Small Donors (Under $100),Small Donor Summary,1,2,130,130,130,0
"Johnson, Curtis",Small Donors (Under $100),Small Donor Summary,5,7,358,308,308,0
"Johnson, Gloria",Small Donors (Under $100),Small Donor Summary,2375,5653,172652,149471,58460,8731
"Johnson, Jack",Small Donors (Under $100),Small Donor Summary,528,1370,72618,43508,29038,12326
"Jones,  Howard E.",Small Donors (Under $100),Small Donor Summary,26,27,900,900,0,0
"Jones, Claire",Small Donors (Under $100),Small Donor Summary,612,924,28281,28281,28281,0
"Jones, David",Small Donors (Under $100),Small Donor Summary,22,35,1610,1610,0,0
"Jones, Justin",Small Donors (Under $100),Small Donor Summary,34153,40332,778082,778082,778082,8629
"Jones, Renea",Small Donors (Under $100),Small Donor Summary,15,16,665,665,665,150
"Jones, Sherry",Small Donors (Under $100),Small Donor Summary,10,10,395,0,0,0
"Jordan, Gayle",Small Donors (Under $100),Small Donor Summary,15,19,925,925,0,0
"Kabir, Ovi",Small Donors (Under $100),Small Donor Summary,53,54,884,884,0,0
"Kane, Roger",Small Donors (Under $100),Small Donor Summary,22,24,1455,575,0,0
"Kaplan, Gregory B.",Small Donors (Under $100),Small Donor Summary,110,134,4354,4354,4354,0
"Keeling, Kari",Small Donors (Under $100),Small Donor Summary,19,24,909,909,0,0
"Kelsey, Brian",Small Donors (Under $100),Small Donor Summary,7,20,1050,1050,400,0
"Kerney, Neal",Small Donors (Under $100),Small Donor Summary,2,4,130,130,0,0
"Ketron, Bill",Small Donors (Under $100),Small Donor Summary,10,11,500,75,0,0
"King, Tamra",Small Donors (Under $100),Small Donor Summary,1,1,75,75,0,0
"Kirk, Bob",Small Donors (Under $100),Small Donor Summary,1,1,50,50,0,0
"Kosack, Kurt",Small Donors (Under $100),Small Donor Summary,46,56,2124,2124,2124,0
"Kumar, Sabi",Small Donors (Under $100),Small Donor Summary,2,2,124,0,0,0
"Kurtz, Adam (Governor Campaign)",Small Donors (Under $100),Small Donor Summary,53,65,2970,2970,2970,2970
"Kyle, Jim",Small Donors (Under $100),Small Donor Summary,1,1,50,0,0,0
"Kyle, Sara",Small Donors (Under $100),Small Donor Summary,3,3,80,55,5,0
"Lafferty, Justin",Small Donors (Under $100),Small Donor Summary,4,4,225,225,75,0
"Lamar, London",Small Donors (Under $100),Small Donor Summary,48,56,2381,2381,250,0
"Lamb, Randy",Small Donors (Under $100),Small Donor Summary,5,5,60,0,0,0
"Lamberth, William",Small Donors (Under $100),Small Donor Summary,201,652,32612,30402,15818,2550
"Lankford, Michael",Small Donors (Under $100),Small Donor Summary,4,4,170,170,170,170
"Lansden, Carl",Small Donors (Under $100),Small Donor Summary,1,1,50,50,0,0
"Lawless, Angie",Small Donors (Under $100),Small Donor Summary,1,1,50,50,50,50
"Leatherwood, Tom",Small Donors (Under $100),Small Donor Summary,1,1,20,20,0,0
"Lecompte, Edward",Small Donors (Under $100),Small Donor Summary,5,5,125,125,125,0
"Lee, Bill (Governor Campaign)",Small Donors (Under $100),Small Donor Summary,60,77,3584,3584,688,104
"Lejong-McCash, Delynn",Small Donors (Under $100),Small Donor Summary,2,2,77,77,0,0
"Lennon, Kathy",Small Donors (Under $100),Small Donor Summary,106,164,6897,6897,6897,0
"Lewis, Daniel T.",Small Donors (Under $100),Small Donor Summary,2,2,75,0,0,0
"Lewis, Jim",Small Donors (Under $100),Small Donor Summary,57,62,2200,0,0,0
"Linton, Lawrence",Small Donors (Under $100),Small Donor Summary,19,38,1168,1168,1168,0
"Littleton, Mary",Small Donors (Under $100),Small Donor Summary,34,63,2670,2670,2370,200
"Lockhart, William A.",Small Donors (Under $100),Small Donor Summary,27,27,1285,1285,0,0
"Loe, Gary",Small Donors (Under $100),Small Donor Summary,87,95,4445,0,0,0
"Longstreet, Eileen H.",Small Donors (Under $100),Small Donor Summary,9,12,327,327,327,0
"Louallen, John",Small Donors (Under $100),Small Donor Summary,24,33,1515,1515,1515,1515
"Love,  Arvil",Small Donors (Under $100),Small Donor Summary,1,4,200,200,0,0
"Love, Harold",Small Donors (Under $100),Small Donor Summary,1,1,50,50,50,0
"Love, Lori",Small Donors (Under $100),Small Donor Summary,51,63,1775,1775,1775,0
"Lowe, Adam",Small Donors (Under $100),Small Donor Summary,4,8,450,450,450,100
"Loynachan, Curtis D.",Small Donors (Under $100),Small Donor Summary,1,1,50,50,0,0
"Lundberg, Jon",Small Donors (Under $100),Small Donor Summary,2,3,196,196,70,0
"Luttrell, Jason",Small Donors (Under $100),Small Donor Summary,4,4,223,223,223,0
"Lynn, Susan",Small Donors (Under $100),Small Donor Summary,13,39,1677,1677,1302,0
"Maberry, Aron",Small Donors (Under $100),Small Donor Summary,62,83,2492,2492,2492,726
"MacKay, Greg",Small Donors (Under $100),Small Donor Summary,5,5,245,245,0,0
"Madeira, Elizabeth",Small Donors (Under $100),Small Donor Summary,1,1,10,10,0,0
"Maggart, Debra Young",Small Donors (Under $100),Small Donor Summary,37,38,2531,0,0,0
"Mai, Teri",Small Donors (Under $100),Small Donor Summary,121,478,11980,11980,11980,2494
"Mancini, Mary",Small Donors (Under $100),Small Donor Summary,58,138,4348,0,0,0
"Manor, Jameson Lee",Small Donors (Under $100),Small Donor Summary,10,11,345,345,345,0
"Manuel, Bruce",Small Donors (Under $100),Small Donor Summary,6,9,365,365,365,0
"Marrero, Beverly",Small Donors (Under $100),Small Donor Summary,2,3,215,0,0,0
"Marsh, Pat",Small Donors (Under $100),Small Donor Summary,6,6,300,100,0,0
"Martin, Brock",Small Donors (Under $100),Small Donor Summary,22,52,2648,2648,2648,1600
"Martin, Greg",Small Donors (Under $100),Small Donor Summary,23,48,2070,2070,2070,200
"Martin, Jason (Governor Campaign)",Small Donors (Under $100),Small Donor Summary,3919,8969,201646,201646,201646,0
"Martin, Robert",Small Donors (Under $100),Small Donor Summary,7,7,208,0,0,0
"Mason, Johnathan",Small Donors (Under $100),Small Donor Summary,1,1,50,50,0,0
"Massey, Becky",Small Donors (Under $100),Small Donor Summary,84,88,4420,1844,1304,0
"Mata, Luis",Small Donors (Under $100),Small Donor Summary,677,1046,26967,26967,26967,0
"Matheny, Judd",Small Donors (Under $100),Small Donor Summary,8,8,425,125,0,0
"Matlock, Jimmy",Small Donors (Under $100),Small Donor Summary,5,5,274,0,0,0
"Maxwell, Stephen",Small Donors (Under $100),Small Donor Summary,1,1,8,8,8,0
"Maxwell, Stephen Cortney",Small Donors (Under $100),Small Donor Summary,1,1,8,8,8,0
"Maynard, Jerry",Small Donors (Under $100),Small Donor Summary,1,1,75,75,75,0
"McCalmon, Jake",Small Donors (Under $100),Small Donor Summary,40,106,5366,5366,5366,4294
"McCarter, Michael A.",Small Donors (Under $100),Small Donor Summary,3,3,120,120,0,0
"McClendon, Heather",Small Donors (Under $100),Small Donor Summary,46,53,2162,2162,2162,0
"McCormick, Gerald",Small Donors (Under $100),Small Donor Summary,21,51,2500,1400,0,0
"McCormick, Scott",Small Donors (Under $100),Small Donor Summary,1,1,50,50,0,0
"McCulley,  Joseph T.",Small Donors (Under $100),Small Donor Summary,4,4,200,0,0,0
"McDaniel, Steve",Small Donors (Under $100),Small Donor Summary,2,2,30,0,0,0
"McKenzie, Sam",Small Donors (Under $100),Small Donor Summary,47,48,1696,1696,1696,395
"McLaughlin, Deanna",Small Donors (Under $100),Small Donor Summary,1,2,140,140,140,0
"McMahan, John",Small Donors (Under $100),Small Donor Summary,6,7,392,392,0,0
"McMahan, Sheila",Small Donors (Under $100),Small Donor Summary,67,119,3310,3310,3310,3310
"McManus, Stephen",Small Donors (Under $100),Small Donor Summary,14,45,2250,150,0,0
"McNally, Randy",Small Donors (Under $100),Small Donor Summary,31,61,3130,3130,2550,0
"Mead, Kevin",Small Donors (Under $100),Small Donor Summary,22,24,982,982,982,0
"Means, Jessica",Small Donors (Under $100),Small Donor Summary,6,7,252,252,252,252
"Melton, Lexi",Small Donors (Under $100),Small Donor Summary,86,119,2270,2270,2270,0
"Memula, Sanjeev",Small Donors (Under $100),Small Donor Summary,55,64,2857,2857,1001,0
"Miller, Bethany",Small Donors (Under $100),Small Donor Summary,55,57,2566,2566,2566,2566
"Miller, Don",Small Donors (Under $100),Small Donor Summary,8,8,400,0,0,0
"Miller, Jerome Q.",Small Donors (Under $100),Small Donor Summary,2,4,257,0,0,0
"Miller, Laura",Small Donors (Under $100),Small Donor Summary,47,82,3024,3024,0,0
"Miller, Tonya S.",Small Donors (Under $100),Small Donor Summary,31,62,1720,0,0,0
"Miller-Watkins, Civil",Small Donors (Under $100),Small Donor Summary,1,6,210,210,0,0
"Mills, Amber",Small Donors (Under $100),Small Donor Summary,15,16,709,709,709,709
"Mitchell, Bo",Small Donors (Under $100),Small Donor Summary,42,46,2300,2300,2300,0
"Monroe, Tona",Small Donors (Under $100),Small Donor Summary,1,4,200,0,0,0
"Montgomery, Richard",Small Donors (Under $100),Small Donor Summary,20,20,990,0,0,0
"Moody, Brent",Small Donors (Under $100),Small Donor Summary,12,12,535,535,0,0
"Moody, Debra",Small Donors (Under $100),Small Donor Summary,47,65,3015,500,100,0
"Moon, Jerome",Small Donors (Under $100),Small Donor Summary,3,3,125,125,125,25
"Moore, Calvin",Small Donors (Under $100),Small Donor Summary,4,4,150,0,0,0
"Moore, Kenneth R.",Small Donors (Under $100),Small Donor Summary,4,4,200,200,200,0
"Morgan, Phil",Small Donors (Under $100),Small Donor Summary,14,14,765,0,0,0
"Morrell, Kent A.",Small Donors (Under $100),Small Donor Summary,19,19,850,850,850,645
"Moth, Chris",Small Donors (Under $100),Small Donor Summary,11,11,733,323,0,0
"Nelson, Edward",Small Donors (Under $100),Small Donor Summary,277,377,8892,8892,0,0
"Nelson, Laura",Small Donors (Under $100),Small Donor Summary,32,36,1425,1425,1425,0
"New, Robert 'Bob'",Small Donors (Under $100),Small Donor Summary,44,63,1514,0,0,0
"Niceley, Frank",Small Donors (Under $100),Small Donor Summary,6,6,204,204,137,0
"Nordstrom, Noah",Small Donors (Under $100),Small Donor Summary,286,387,9177,9177,9177,0
"Norris, Mark",Small Donors (Under $100),Small Donor Summary,44,92,3780,250,0,0
"North, Phillip L.",Small Donors (Under $100),Small Donor Summary,2,2,100,0,0,0
"Northcutt, Kelly",Small Donors (Under $100),Small Donor Summary,23,28,986,986,803,0
"Oakes, Mark S.",Small Donors (Under $100),Small Donor Summary,13,14,596,0,0,0
"Ogles, Brandon",Small Donors (Under $100),Small Donor Summary,3,3,150,150,0,0
"Oliver, Charlane",Small Donors (Under $100),Small Donor Summary,249,462,14934,14934,14934,5376
"Osborne, Deanna Debow",Small Donors (Under $100),Small Donor Summary,8,8,300,300,0,0
"Oster, Gina",Small Donors (Under $100),Small Donor Summary,20,21,790,790,0,0
"Overbey, Doug",Small Donors (Under $100),Small Donor Summary,27,27,1350,1125,0,0
"Pant, Amelia",Small Donors (Under $100),Small Donor Summary,27,37,993,993,993,0
"Park, Matthew",Small Donors (Under $100),Small Donor Summary,195,303,8277,8277,0,0
"Parkinson, Antonio",Small Donors (Under $100),Small Donor Summary,22,25,959,514,264,174
"Parsons, Kevin",Small Donors (Under $100),Small Donor Summary,2,2,100,0,0,0
"Patrick, John",Small Donors (Under $100),Small Donor Summary,2,6,275,275,0,0
"Patrick-Wright, Lindsey",Small Donors (Under $100),Small Donor Summary,102,113,3471,3471,3471,3471
"Pearson, Justin",Small Donors (Under $100),Small Donor Summary,30903,36317,678393,678393,678393,4423
"Peltz, Jamie Dean",Small Donors (Under $100),Small Donor Summary,28,28,1517,1517,1517,0
"Phillips, Allie",Small Donors (Under $100),Small Donor Summary,7273,8803,194843,194843,194843,42121
"Phillips, Mariah",Small Donors (Under $100),Small Donor Summary,14,16,758,758,0,0
"Pierce, Alex",Small Donors (Under $100),Small Donor Summary,15,24,604,604,604,0
"Pinkston, Lauren (Governor Campaign)",Small Donors (Under $100),Small Donor Summary,289,463,13835,13835,13835,13835
"Pitts, Joe",Small Donors (Under $100),Small Donor Summary,2,3,150,0,0,0
"Poczobut, David",Small Donors (Under $100),Small Donor Summary,12,13,538,538,538,0
"Pody, Mark",Small Donors (Under $100),Small Donor Summary,2,2,100,100,0,0
"Porch, Andrew",Small Donors (Under $100),Small Donor Summary,5,5,250,250,0,0
"Possel, Patricia",Small Donors (Under $100),Small Donor Summary,1,1,73,73,0,0
"Powell, Daniel",Small Donors (Under $100),Small Donor Summary,5,5,225,225,0,0
"Powell, Jason",Small Donors (Under $100),Small Donor Summary,19,22,997,235,12,12
"Powell-Dennis, Ruby",Small Donors (Under $100),Small Donor Summary,27,73,3343,3343,1770,0
"Powers, Dennis",Small Donors (Under $100),Small Donor Summary,2,2,100,50,50,50
"Preptit, Jeff",Small Donors (Under $100),Small Donor Summary,6,7,200,200,200,0
"Primer, Dominique",Small Donors (Under $100),Small Donor Summary,8,15,585,585,0,0
"Proctor, Mark",Small Donors (Under $100),Small Donor Summary,57,64,2361,2361,2361,2361
"Puckett,  Steven D.",Small Donors (Under $100),Small Donor Summary,5,5,190,0,0,0
"Pullias, John G.",Small Donors (Under $100),Small Donor Summary,1,1,50,50,50,0
"Quillen, Anne F.",Small Donors (Under $100),Small Donor Summary,2,10,460,460,210,0
"Ragan, John",Small Donors (Under $100),Small Donor Summary,36,42,2035,537,289,0
"Rampy, Wyatt",Small Donors (Under $100),Small Donor Summary,16,16,565,565,565,0
"Ramsey, Marjorie",Small Donors (Under $100),Small Donor Summary,1,1,75,0,0,0
"Ramsey, Ron",Small Donors (Under $100),Small Donor Summary,1,1,25,0,0,0
"Randolph, Matt",Small Donors (Under $100),Small Donor Summary,3,4,117,23,0,0
"Raper, Kevin",Small Donors (Under $100),Small Donor Summary,5,5,319,319,319,75
"Ravener, Bob",Small Donors (Under $100),Small Donor Summary,3,3,195,195,195,0
"Reed, Candace",Small Donors (Under $100),Small Donor Summary,6,10,446,0,0,0
"Reedy, Jay",Small Donors (Under $100),Small Donor Summary,88,172,6662,5787,578,0
"Reeves, Lee",Small Donors (Under $100),Small Donor Summary,16,16,615,615,615,25
"Reeves, Shane",Small Donors (Under $100),Small Donor Summary,115,274,13962,13962,6382,0
"Reneau, Michele",Small Donors (Under $100),Small Donor Summary,219,352,13572,13572,13572,2593
"Reynolds, Karen",Small Donors (Under $100),Small Donor Summary,317,596,18227,18227,18227,0
"Rice, Hobart L.",Small Donors (Under $100),Small Donor Summary,2,2,75,0,0,0
"Rice, Meryl",Small Donors (Under $100),Small Donor Summary,5,6,385,0,0,0
"Rich, Barrett",Small Donors (Under $100),Small Donor Summary,7,7,250,0,0,0
"Richardson, Will",Small Donors (Under $100),Small Donor Summary,14,14,650,650,650,0
"Richey, Bryan",Small Donors (Under $100),Small Donor Summary,28,28,1335,1335,1335,0
"Roberts, Kerry",Small Donors (Under $100),Small Donor Summary,54,62,2501,0,0,0
"Robertson, Brian",Small Donors (Under $100),Small Donor Summary,69,139,2873,2873,2873,0
"Robinson, Bobby",Small Donors (Under $100),Small Donor Summary,2,2,100,100,50,0
"Robinson, Katrina",Small Donors (Under $100),Small Donor Summary,1,3,150,150,0,0
"Robinson, Robert (Bob)",Small Donors (Under $100),Small Donor Summary,2,2,100,100,0,0
"Rogers, Courtenay",Small Donors (Under $100),Small Donor Summary,11,11,530,530,0,0
"Rogers, Courtney L.",Small Donors (Under $100),Small Donor Summary,11,40,1448,100,0,0
"Rogers, Sydney",Small Donors (Under $100),Small Donor Summary,39,42,2013,2013,0,0
"Roller, Steve",Small Donors (Under $100),Small Donor Summary,2,2,125,0,0,0
"Romero, Eva",Small Donors (Under $100),Small Donor Summary,4,5,256,256,256,256
"Rose, John (Governor Campaign)",Small Donors (Under $100),Small Donor Summary,448,601,16786,16786,16786,16786
"Rose, Paul",Small Donors (Under $100),Small Donor Summary,1,2,100,100,100,0
"Rounds, Harold",Small Donors (Under $100),Small Donor Summary,1,6,258,0,0,0
"Rowland, Elizabeth",Small Donors (Under $100),Small Donor Summary,117,152,5024,5024,0,0
"Rudd, Tim",Small Donors (Under $100),Small Donor Summary,14,15,760,760,710,50
"Rudder, Iris",Small Donors (Under $100),Small Donor Summary,21,23,1045,1045,100,50
"Russell, Lowell",Small Donors (Under $100),Small Donor Summary,439,1084,38676,38676,27560,1266
"Salinas, Gabby",Small Donors (Under $100),Small Donor Summary,112,242,9458,9458,878,0
"Sargent,  Charles",Small Donors (Under $100),Small Donor Summary,3,3,177,0,0,0
"Sawall, Nicholas",Small Donors (Under $100),Small Donor Summary,25,68,1587,1587,1587,0
"Sawyer, Tami (Tamara)",Small Donors (Under $100),Small Donor Summary,1,1,25,25,0,0
"Scarbrough, Rick",Small Donors (Under $100),Small Donor Summary,3,8,584,584,584,0
"Scott, Garfield",Small Donors (Under $100),Small Donor Summary,45,140,4306,4306,4306,0
"Scott, Terry",Small Donors (Under $100),Small Donor Summary,1,4,190,190,0,0
"Scruggs, Glenn",Small Donors (Under $100),Small Donor Summary,25,54,1966,1966,0,0
"Seal, Jessie",Small Donors (Under $100),Small Donor Summary,2,2,65,65,65,0
"Segrest, Earle",Small Donors (Under $100),Small Donor Summary,1,1,35,35,35,0
"Sexton, Cameron",Small Donors (Under $100),Small Donor Summary,118,302,8280,8234,5038,240
"Shepard, David",Small Donors (Under $100),Small Donor Summary,41,43,1990,0,0,0
"Sherrell, Paul",Small Donors (Under $100),Small Donor Summary,2,3,125,125,125,25
"Shipley, Tony",Small Donors (Under $100),Small Donor Summary,13,13,650,0,0,0
"Shutt, Bob",Small Donors (Under $100),Small Donor Summary,2,2,55,55,0,0
"Sigler, Christy",Small Donors (Under $100),Small Donor Summary,5,5,209,209,0,0
"Siler, Cheri Kay",Small Donors (Under $100),Small Donor Summary,203,275,8626,0,0,0
"Silverman, Len",Small Donors (Under $100),Small Donor Summary,1,1,11,0,0,0
"Silvertooth, Nancy",Small Donors (Under $100),Small Donor Summary,1,1,18,18,0,0
"Simmons, Barbara",Small Donors (Under $100),Small Donor Summary,1,1,99,99,0,0
"Singh, Seema",Small Donors (Under $100),Small Donor Summary,2,2,55,55,55,0
"Slater, William",Small Donors (Under $100),Small Donor Summary,21,23,1080,1080,1080,365
"Sloan, Jon Roy",Small Donors (Under $100),Small Donor Summary,6,6,220,0,0,0
"Smiley,  Jb",Small Donors (Under $100),Small Donor Summary,19,44,1774,1774,1774,0
"Smith, E. R.",Small Donors (Under $100),Small Donor Summary,2,2,40,40,40,0
"Smith, Eddie",Small Donors (Under $100),Small Donor Summary,127,165,6660,4252,0,0
"Smith, Joe",Small Donors (Under $100),Small Donor Summary,18,18,833,833,833,0
"Smith, Michael E.",Small Donors (Under $100),Small Donor Summary,4,4,200,200,0,0
"Smith, Robin",Small Donors (Under $100),Small Donor Summary,19,19,945,945,50,0
"Smith, Sandy Norris",Small Donors (Under $100),Small Donor Summary,3,3,150,0,0,0
"Smoak, Guy",Small Donors (Under $100),Small Donor Summary,2,2,100,100,0,0
"Sneed, Susan",Small Donors (Under $100),Small Donor Summary,204,425,13949,13949,0,0
"Sottek, Tom",Small Donors (Under $100),Small Donor Summary,1,1,50,50,0,0
"Southern, Kyle",Small Donors (Under $100),Small Donor Summary,4,5,191,191,0,0
"Sparks, Mike",Small Donors (Under $100),Small Donor Summary,56,72,3032,1992,475,175
"Spencer, Chris",Small Donors (Under $100),Small Donor Summary,14,16,557,557,557,0
"Spurlock, Justin",Small Donors (Under $100),Small Donor Summary,4,4,200,200,200,0
"Staples, Rick",Small Donors (Under $100),Small Donor Summary,27,30,1198,1198,0,0
"Staten, Travis S.",Small Donors (Under $100),Small Donor Summary,1,1,50,50,0,0
"Steele, Russell Wayne",Small Donors (Under $100),Small Donor Summary,30,35,857,857,857,0
"Stevens, Brian Joseph",Small Donors (Under $100),Small Donor Summary,13,13,370,0,0,0
"Stevens, John",Small Donors (Under $100),Small Donor Summary,3,3,150,150,150,0
"Stevens, Robert",Small Donors (Under $100),Small Donor Summary,7,7,397,397,397,25
"Steward, Nick",Small Donors (Under $100),Small Donor Summary,15,15,756,0,0,0
"Stewart, Bobby",Small Donors (Under $100),Small Donor Summary,5,5,220,0,0,0
"Stewart, Brian",Small Donors (Under $100),Small Donor Summary,1,1,52,52,52,52
"Stewart, Mike",Small Donors (Under $100),Small Donor Summary,7,7,294,294,24,0
"Stidham, Gary",Small Donors (Under $100),Small Donor Summary,3,3,175,175,175,175
"Stinnett, Tom",Small Donors (Under $100),Small Donor Summary,14,14,558,558,558,25
"Summerville, Jim",Small Donors (Under $100),Small Donor Summary,1,1,25,0,0,0
"Swallows, Matt",Small Donors (Under $100),Small Donor Summary,1,1,50,0,0,0
"Taylor, Amber (Bennie)",Small Donors (Under $100),Small Donor Summary,73,118,3114,3114,3114,0
"Taylor, Brent",Small Donors (Under $100),Small Donor Summary,9,9,495,495,495,495
"Templeton, Jai",Small Donors (Under $100),Small Donor Summary,1,9,450,450,0,0
Tennessee Democratic Caucus,Small Donors (Under $100),Small Donor Summary,1199,2506,60964,59892,59157,24813
Tennessee Republican Caucus,Small Donors (Under $100),Small Donor Summary,76,127,6552,1807,947,52
"Terry, Bryan",Small Donors (Under $100),Small Donor Summary,5,6,275,75,75,75
"Thomas, Brandon",Small Donors (Under $100),Small Donor Summary,38,46,1267,1267,0,0
"Thomas, Jayla",Small Donors (Under $100),Small Donor Summary,6,8,203,203,203,203
"Thomforde, David",Small Donors (Under $100),Small Donor Summary,9,9,359,359,359,0
"Thompson, Brad",Small Donors (Under $100),Small Donor Summary,4,10,431,0,0,0
"Thongnopnua, Joda",Small Donors (Under $100),Small Donor Summary,96,123,3717,3717,0,0
"Tidwell, John",Small Donors (Under $100),Small Donor Summary,1,1,10,0,0,0
"Tillis, Thomas R.",Small Donors (Under $100),Small Donor Summary,1,1,23,23,0,0
"Tipton, Anita",Small Donors (Under $100),Small Donor Summary,2,2,100,0,0,0
"Todd, Chris",Small Donors (Under $100),Small Donor Summary,51,56,2313,2313,1049,0
"Towns, Joe",Small Donors (Under $100),Small Donor Summary,3,3,150,150,150,0
"Tracy, Jim",Small Donors (Under $100),Small Donor Summary,16,32,1896,300,0,0
"Travis, Ron",Small Donors (Under $100),Small Donor Summary,6,7,375,200,0,0
"Trudell, Kate",Small Donors (Under $100),Small Donor Summary,37,43,1580,1580,0,0
"Udeaja, Joseph",Small Donors (Under $100),Small Donor Summary,1,1,50,50,0,0
"Uhlhorn, Frank",Small Donors (Under $100),Small Donor Summary,5,5,225,225,0,0
"Vallejos, Tommy",Small Donors (Under $100),Small Donor Summary,85,107,4908,4908,1151,0
"Van Huss, Micah",Small Donors (Under $100),Small Donor Summary,1,2,100,0,0,0
"Vannoy, Jennifer",Small Donors (Under $100),Small Donor Summary,7,11,586,586,0,0
"Vaughan, Kevin",Small Donors (Under $100),Small Donor Summary,1,1,50,50,50,50
"Vaughan, Stacy",Small Donors (Under $100),Small Donor Summary,1,1,50,50,50,0
"Vital (2012), Greg A.",Small Donors (Under $100),Small Donor Summary,12,13,670,0,0,0
"Vital, Greg",Small Donors (Under $100),Small Donor Summary,10,30,1053,1053,1053,300
"Waggoner, Derrick",Small Donors (Under $100),Small Donor Summary,12,12,360,0,0,0
"Wallace, Jennifer Buck",Small Donors (Under $100),Small Donor Summary,1,1,20,0,0,0
"Walley, Page",Small Donors (Under $100),Small Donor Summary,5,10,588,588,588,0
"Walling, Justin",Small Donors (Under $100),Small Donor Summary,10,11,550,0,0,0
"Warfel, Brittany Lynn",Small Donors (Under $100),Small Donor Summary,3,3,115,115,115,0
"Warner, Todd",Small Donors (Under $100),Small Donor Summary,6,6,265,265,265,140
"Washington, Joyce",Small Donors (Under $100),Small Donor Summary,4,9,370,0,0,0
"Waters, Patricia",Small Donors (Under $100),Small Donor Summary,30,39,1430,1430,1430,0
"Watson, Bo",Small Donors (Under $100),Small Donor Summary,20,20,927,377,260,141
"Weatherspoon, David",Small Donors (Under $100),Small Donor Summary,60,190,6938,6938,2296,2296
"Weaver, Terri Lynn",Small Donors (Under $100),Small Donor Summary,1,2,188,188,0,0
"West, Beth",Small Donors (Under $100),Small Donor Summary,18,21,646,646,646,646
"Weston, Pamela O.",Small Donors (Under $100),Small Donor Summary,91,158,4860,4860,0,0
"White, Dawn",Small Donors (Under $100),Small Donor Summary,1,1,29,0,0,0
"White, Ethan",Small Donors (Under $100),Small Donor Summary,1,1,81,81,0,0
"White, Kay",Small Donors (Under $100),Small Donor Summary,3,3,145,145,0,0
"White, Mark",Small Donors (Under $100),Small Donor Summary,12,16,789,789,789,130
"White, Sr., Charles W.",Small Donors (Under $100),Small Donor Summary,1,1,25,0,0,0
"White, Wayne",Small Donors (Under $100),Small Donor Summary,1,3,255,0,0,0
"Wilburn, Leigh",Small Donors (Under $100),Small Donor Summary,15,15,770,0,0,0
"Wilkinson, Khristy",Small Donors (Under $100),Small Donor Summary,1,1,50,50,0,0
"Wilkinson, Nicholas A.",Small Donors (Under $100),Small Donor Summary,32,37,1210,1210,0,0
"Williams, Chad",Small Donors (Under $100),Small Donor Summary,4,4,180,180,0,0
"Williams, Daniel",Small Donors (Under $100),Small Donor Summary,17,19,785,785,0,0
"Williams, Joseph",Small Donors (Under $100),Small Donor Summary,1,1,50,50,0,0
"Williams, Larhonda",Small Donors (Under $100),Small Donor Summary,1,1,25,25,25,0
"Williams, Ryan",Small Donors (Under $100),Small Donor Summary,32,33,1259,385,0,0
"Williams, Scott P.",Small Donors (Under $100),Small Donor Summary,44,48,1962,1962,0,0
"Williams, W. Kent",Small Donors (Under $100),Small Donor Summary,5,7,375,0,0,0
"Williamson, Charles",Small Donors (Under $100),Small Donor Summary,2,34,1264,0,0,0
"Wilson, Lemichael D.",Small Donors (Under $100),Small Donor Summary,2,8,280,280,280,0
"Winder,  Donald",Small Donors (Under $100),Small Donor Summary,5,5,225,225,0,0
"Windrow, Brett",Small Donors (Under $100),Small Donor Summary,22,38,1285,1285,1285,1285
"Winton, Michael",Small Donors (Under $100),Small Donor Summary,2,4,200,200,0,0
"Wirgau, Timothy",Small Donors (Under $100),Small Donor Summary,1,1,27,0,0,0
"Wolf, Houston",Small Donors (Under $100),Small Donor Summary,4,10,350,350,350,0
"Womack Uselton, Cheryl",Small Donors (Under $100),Small Donor Summary,7,9,440,440,440,0
"Womick, Rick",Small Donors (Under $100),Small Donor Summary,23,24,1450,0,0,0
"Woodlee, Michael",Small Donors (Under $100),Small Donor Summary,6,9,430,430,430,430
"Woodson, Jamie",Small Donors (Under $100),Small Donor Summary,1,2,125,125,125,125
"Wooten-Lewis, Joann",Small Donors (Under $100),Small Donor Summary,23,25,1205,1205,0,0
"Wright, Dave",Small Donors (Under $100),Small Donor Summary,7,8,235,235,0,0
"Yager, Ken",Small Donors (Under $100),Small Donor Summary,198,201,1680,1630,1466,0
"Yarbro, Jeff",Small Donors (Under $100),Small Donor Summary,48,56,2408,475,125,0
"Yokley, Eddie",Small Donors (Under $100),Small Donor Summary,64,79,2787,0,0,0
"Yokley, Jessica B.",Small Donors (Under $100),Small Donor Summary,7,14,460,460,0,0
"Young, Patti",Small Donors (Under $100),Small Donor Summary,3,3,150,150,150,0
"Zachary, Jason",Small Donors (Under $100),Small Donor Summary,19,20,1011,271,96,0
