politician_display,politician_key,party,city,current_elected,current_seat,running_in_2026,total_total_since_2012,total_total_since_2017,total_total_since_2022,total_total_since_2025,support_total_since_2012,support_total_since_2017,support_total_since_2022,support_total_since_2025,oppose_total_since_2012,oppose_total_since_2017,oppose_total_since_2022,oppose_total_since_2025
Bill Lee (Republican of Franklin),"Lee, Bill",Republican,Franklin,No,,No,1535133.7,1535133.7,99231.29999999999,0.0,935263.7000000001,935263.7000000001,97231.29999999999,0.0,599870.0,599870.0,2000.0,0.0
Diane Black (Republican of Gallatin),"Black, Diane",Republican,Gallatin,No,,No,1401228.12,1401228.12,0.0,0.0,58663.66,58663.66,0.0,0.0,1342564.46,1342564.46,0.0,0.0
Steven Dickerson (Republican of Nashville),"Dickerson, Steven",Republican,Nashville,No,,No,1030824.9099999999,789124.14,0.0,0.0,1003544.14,774124.14,0.0,0.0,27280.77,15000.0,0.0,0.0
Jon Lundberg (Republican of Bristol),"Lundberg, Jon",Republican,Bristol,No,,No,1011432.83,1010688.0999999999,1010688.0999999999,0.0,1011432.83,1010688.0999999999,1010688.0999999999,0.0,0.0,0.0,0.0,0.0
Erin Coleman (Democrat of Nashville),"Coleman, Erin",Democrat,Nashville,No,,No,770556.1299999999,0.0,0.0,0.0,47596.79,0.0,0.0,0.0,722959.34,0.0,0.0,0.0
Frank Niceley (Republican of Strawberry Plains),"Niceley, Frank",Republican,Strawberry Plains,No,,No,686749.99,665022.12,665022.12,0.0,56335.429999999986,55033.16999999999,55033.16999999999,0.0,630414.56,609988.95,609988.95,0.0
Ferrell Haile (Republican of Gallatin),"Haile, Ferrell",Republican,Gallatin,Yes,Senate District 18,No,657501.4900000001,657277.2100000001,653056.42,0.0,657501.4900000001,657277.2100000001,653056.42,0.0,0.0,0.0,0.0,0.0
Bobby Harshbarger (Republican of Kingsport),"Harshbarger, Bobby",Republican,Kingsport,Yes,Senate District 4,No,619122.08,619122.08,619122.08,0.0,609176.89,609176.89,609176.89,0.0,9945.19,9945.19,9945.19,0.0
Lee Reeves (Republican of Franklin),"Reeves, Lee",Republican,Franklin,Yes,House of Representatives 65,Yes,587062.06,587062.06,587062.06,0.0,587062.06,587062.06,587062.06,0.0,0.0,0.0,0.0,0.0
Gabby Salinas (Democrat of Memphis),"Salinas, Gabby",Democrat,Memphis,Yes,House of Representatives 96,Yes,507780.61999999994,507780.61999999994,1130.2,0.0,152908.7,152908.7,1130.2,0.0,354871.92,354871.92,0.0,0.0
Aron Maberry (Republican of Clarksville),"Maberry, Aron",Republican,Clarksville,Yes,House of Representatives 68,Yes,500521.16000000003,500521.16000000003,500521.16000000003,299.25,500521.16000000003,500521.16000000003,500521.16000000003,299.25,0.0,0.0,0.0,0.0
Elaine Davis (Republican of Knoxville),"Davis, Elaine",Republican,Knoxville,Yes,House of Representatives 18,Yes,494517.28,494517.28,484948.48,299.25,439490.00000000006,439490.00000000006,429921.2,299.25,55027.28,55027.28,55027.28,0.0
Bryan Richey (Republican of Alcoa),"Richey, Bryan",Republican,Alcoa,No,,No,446809.48,446809.48,446809.48,0.0,114103.47,114103.47,114103.47,0.0,332706.01,332706.01,332706.01,0.0
Eddie Smith (Republican of Knoxville),"Smith, Eddie",Republican,Knoxville,No,,No,432213.97,26528.760000000002,0.0,0.0,432213.97,26528.760000000002,0.0,0.0,0.0,0.0,0.0,0.0
Jesse Huseth (Democrat of Memphis),"Huseth, Jesse",Democrat,Memphis,No,,Yes,412351.9,412351.9,412351.9,0.0,269439.46,269439.46,269439.46,0.0,142912.44,142912.44,142912.44,0.0
Jason Emert (Republican of Maryville),"Emert, Jason",Republican,Maryville,No,,No,377792.77999999997,377792.77999999997,377792.77999999997,0.0,375604.78,375604.78,375604.78,0.0,2188.0,2188.0,2188.0,0.0
Jason Emert (Republican of Lafayette),"Emert, Jason",Republican,Lafayette,No,,No,377792.77999999997,377792.77999999997,377792.77999999997,0.0,375604.78,375604.78,375604.78,0.0,2188.0,2188.0,2188.0,0.0
Gloria Johnson (Democrat of Knoxville),"Johnson, Gloria",Democrat,Knoxville,Yes,House of Representatives 90,Yes,376172.2,105320.93999999999,14654.5,0.0,120902.34999999999,68210.24,14654.5,0.0,255269.85,37110.7,0.0,0.0
John Gillespie (Republican of Memphis),"Gillespie, John",Republican,Memphis,Yes,House of Representatives 97,Yes,368348.93,368348.93,342908.89,0.0,314518.43999999994,314518.43999999994,289078.4,0.0,53830.490000000005,53830.490000000005,53830.490000000005,0.0
Jessie Seal (Republican of Tazewell),"Seal, Jessie",Republican,Tazewell,Yes,Senate District 8,No,365508.12,365508.12,365508.12,0.0,365508.12,365508.12,365508.12,0.0,0.0,0.0,0.0,0.0
Allie Phillips (Democrat of Clarksville),"Phillips, Allie",Democrat,Clarksville,No,,Yes,357524.78,357524.78,357524.78,0.0,304590.82999999996,304590.82999999996,304590.82999999996,0.0,52933.95,52933.95,52933.95,0.0
Brian Beathard (Republican of Franklin),"Beathard, Brian",Republican,Franklin,No,,No,351599.85,351599.85,351599.85,0.0,11198.85,11198.85,11198.85,0.0,340401.0,340401.0,340401.0,0.0
Richard Briggs (Republican of Knoxville),"Briggs, Richard",Republican,Knoxville,Yes,Senate District 7,Yes,350204.87,336954.87,266464.91000000003,0.0,338297.4099999999,325047.41000000003,254557.44999999998,0.0,11907.46,11907.46,11907.46,0.0
Randy Lamb (Democrat of Jackson),"Lamb, Randy",Democrat,Jackson,No,,No,330692.27,0.0,0.0,0.0,2004.65,0.0,0.0,0.0,328687.62,0.0,0.0,0.0
Randy Boyd (Republican of Knoxville),"Boyd, Randy",Republican,Knoxville,No,,No,318525.0,318525.0,0.0,0.0,318525.0,318525.0,0.0,0.0,0.0,0.0,0.0,0.0
Tom Stinnett (Republican of Maryville),"Stinnett, Tom",Republican,Maryville,Yes,House of Representatives 20,Yes,296824.01999999996,296824.01999999996,296824.01999999996,299.25,22953.989999999998,22953.989999999998,22953.989999999998,299.25,273870.03,273870.03,273870.03,0.0
Joe Smith (Republican of Clarksville),"Smith, Joe",Republican,Clarksville,No,,No,279612.73,279612.73,279612.73,0.0,0.0,0.0,0.0,0.0,279612.73,279612.73,279612.73,0.0
Bo Mitchell (Democrat of Nashville),"Mitchell, Bo",Democrat,Nashville,Yes,House of Representatives 50,Yes,272627.08999999997,19411.85,19411.85,610.67,149229.74,2422.12,2422.12,610.67,123397.34999999999,16989.73,16989.73,0.0
Tom Hatcher (Republican of Maryville),"Hatcher, Tom",Republican,Maryville,No,,No,270885.33,270885.33,270885.33,0.0,270885.33,270885.33,270885.33,0.0,0.0,0.0,0.0,0.0
John Deberry (Democrat of Memphis),"Deberry,  John",Democrat,Memphis,No,,No,268227.60000000003,56899.68,0.0,0.0,268227.60000000003,56899.68,0.0,0.0,0.0,0.0,0.0,0.0
John Deberry (Independent of Memphis),"Deberry,  John",Independent,Memphis,No,,No,268227.60000000003,56899.68,0.0,0.0,268227.60000000003,56899.68,0.0,0.0,0.0,0.0,0.0,0.0
Tim Barnes (Democrat of Clarksville),"Barnes, Tim",Democrat,Clarksville,No,,No,252011.52,0.0,0.0,0.0,69903.52,0.0,0.0,0.0,182108.0,0.0,0.0,0.0
Dawn White (Republican of Murfreesboro),"White, Dawn",Republican,Murfreesboro,Yes,Senate District 13,Yes,250334.31,230537.59,140200.91,0.0,240379.77,220583.05000000002,140200.91,0.0,9954.539999999999,9954.539999999999,0.0,0.0
Bryan Goldberg (Democrat of Knoxville),"Goldberg, Bryan",Democrat,Knoxville,No,,Yes,249410.05,249410.05,249410.05,0.0,165405.67,165405.67,165405.67,0.0,84004.38,84004.38,84004.38,0.0
Luis Mata (Democrat of Smyrna),"Mata, Luis",Democrat,Smyrna,No,,No,247871.46999999997,247871.46999999997,247871.46999999997,0.0,218153.81,218153.81,218153.81,0.0,29717.66,29717.66,29717.66,0.0
Todd Gardenhire (Republican of Chattanooga),"Gardenhire, Todd",Republican,Chattanooga,Yes,Senate District 10,No,240381.58000000002,186145.84000000003,74571.56999999999,0.0,240381.58000000002,186145.84000000003,74571.56999999999,0.0,0.0,0.0,0.0,0.0
Bill Powers (Republican of Clarksville),"Powers, Bill",Republican,Clarksville,Yes,Senate District 22,No,238613.47,238613.47,109485.7,0.0,236552.86000000004,236552.86000000004,109485.7,0.0,2060.6099999999997,2060.6099999999997,0.0,0.0
Phillip L. North (Democrat of Nashville),"North, Phillip L.",Democrat,Nashville,No,,No,237057.50999999998,0.0,0.0,0.0,76296.51000000001,0.0,0.0,0.0,160761.0,0.0,0.0,0.0
Tommy Vallejos (Republican of Clarksville),"Vallejos, Tommy",Republican,Clarksville,No,,No,236512.73999999996,236512.73999999996,190958.22,0.0,216512.74000000002,216512.74000000002,170958.22,0.0,20000.0,20000.0,20000.0,0.0
John Ragan (Republican of Oak Ridge),"Ragan, John",Republican,Oak Ridge,No,,No,215036.96000000002,44395.21,37207.990000000005,0.0,195732.15000000002,44385.810000000005,37207.990000000005,0.0,19304.81,9.4,0.0,0.0
Troy Brewer (Republican of Nashville),"Brewer, Troy",Republican,Nashville,No,,No,191984.53000000003,0.0,0.0,0.0,191984.53000000003,0.0,0.0,0.0,0.0,0.0,0.0,0.0
David Poczobut (Republican of Knoxville),"Poczobut, David",Republican,Knoxville,No,,No,182730.97999999998,182730.97999999998,182730.97999999998,0.0,182730.97999999998,182730.97999999998,182730.97999999998,0.0,0.0,0.0,0.0,0.0
Ronnie Glynn (Democrat of Clarksville),"Glynn, Ronnie",Democrat,Clarksville,Yes,House of Representatives 67,Yes,174523.33000000002,174523.33000000002,169607.44,0.0,72716.16,72716.16,67800.26999999999,0.0,101807.17,101807.17,101807.17,0.0
Jay Reedy (Republican of Erin),"Reedy, Jay",Republican,Erin,Yes,House of Representatives 74,Yes,170752.2,10697.46,155.31,0.0,167340.13,10688.06,155.31,0.0,3412.07,9.4,0.0,0.0
Adam Lowe (Republican of Calhoun),"Lowe, Adam",Republican,Calhoun,Yes,Senate District 1,Yes,163176.71,163176.71,163176.71,0.0,163176.71,163176.71,163176.71,0.0,0.0,0.0,0.0,0.0
Adam Lowe (Republican of Cleveland),"Lowe, Adam",Republican,Cleveland,Yes,Senate District 1,Yes,163176.71,163176.71,163176.71,0.0,163176.71,163176.71,163176.71,0.0,0.0,0.0,0.0,0.0
Darren Jernigan (Democrat of Old Hickory),"Jernigan, Darren",Democrat,Old Hickory,No,,No,161987.61000000002,0.0,0.0,0.0,136508.13999999998,0.0,0.0,0.0,25479.47,0.0,0.0,0.0
John Stevens (Republican of Huntingdon),"Stevens, John",Republican,Huntingdon,Yes,Senate District 24,No,161841.63,121659.59000000001,75923.37000000001,0.0,129659.59000000001,121659.59000000001,75923.37000000001,0.0,32182.04,0.0,0.0,0.0
David Shepard (Democrat of Dickson),"Shepard, David",Democrat,Dickson,No,,No,156195.86000000002,0.0,0.0,0.0,114732.79000000002,0.0,0.0,0.0,41463.07,0.0,0.0,0.0
Timothy Wirgau (Republican of Paris),"Wirgau, Timothy",Republican,Paris,No,,No,154241.47,21279.7,0.0,0.0,154023.07,21061.300000000003,0.0,0.0,218.4,218.4,0.0,0.0
Mike Sparks (Republican of Smyrna),"Sparks, Mike",Republican,Smyrna,Yes,House of Representatives 49,Yes,143956.14,80260.38,22654.95,0.0,90618.41,79472.65,21867.22,0.0,53337.73,787.73,787.73,0.0
Curry Todd (Republican of Memphis),"Todd, Curry",Republican,Memphis,No,,No,140103.93,0.0,0.0,0.0,2294.6,0.0,0.0,0.0,137809.33000000002,0.0,0.0,0.0
Gary Hicks (Republican of Rogersville),"Hicks, Gary",Republican,Rogersville,Yes,House of Representatives 9,Yes,137537.69,19681.59,0.0,0.0,34805.909999999996,19681.59,0.0,0.0,102731.78,0.0,0.0,0.0
Timothy Hill (Republican of Blountville),"Hill, Timothy",Republican,Blountville,Yes,House of Representatives 3,Yes,135112.53,129112.53,128897.19,216.61,135112.53,129112.53,128897.19,216.61,0.0,0.0,0.0,0.0
Timothy Hill (Republican of Piney Flats),"Hill, Timothy",Republican,Piney Flats,Yes,House of Representatives 3,Yes,135112.53,129112.53,128897.19,216.61,135112.53,129112.53,128897.19,216.61,0.0,0.0,0.0,0.0
Timothy Hill (Republican of Bluff City),"Hill, Timothy",Republican,Bluff City,Yes,House of Representatives 3,Yes,135112.53,129112.53,128897.19,216.61,135112.53,129112.53,128897.19,216.61,0.0,0.0,0.0,0.0
Brad Thompson (Democrat of Union City),"Thompson, Brad",Democrat,Union City,No,,No,133288.21,0.0,0.0,0.0,90094.67,0.0,0.0,0.0,43193.54,0.0,0.0,0.0
Michael G. Curcio (Republican of Dickson),"Curcio, Michael G.",Republican,Dickson,No,,No,129156.72000000002,1000.0,0.0,0.0,125207.13000000002,1000.0,0.0,0.0,3949.59,0.0,0.0,0.0
Brian Kelsey (Republican of Germantown),"Kelsey, Brian",Republican,Germantown,No,,No,126476.71999999999,126476.71999999999,0.0,0.0,111507.12999999999,111507.12999999999,0.0,0.0,14969.59,14969.59,0.0,0.0
Brian Kelsey (Republican of Memphis),"Kelsey, Brian",Republican,Memphis,No,,No,126476.71999999999,126476.71999999999,0.0,0.0,111507.12999999999,111507.12999999999,0.0,0.0,14969.59,14969.59,0.0,0.0
Michelle Foreman (Republican of Nashville),"Foreman, Michelle",Republican,Nashville,No,,Yes,121408.6,121408.6,121408.6,0.0,107121.1,107121.1,107121.1,0.0,14287.5,14287.5,14287.5,0.0
Michelle Foreman (Republican of Franklin),"Foreman, Michelle",Republican,Franklin,No,,Yes,121408.6,121408.6,121408.6,0.0,107121.1,107121.1,107121.1,0.0,14287.5,14287.5,14287.5,0.0
David Byrd (Republican of Jackson),"Byrd, David",Republican,Jackson,No,,No,120944.42,97388.27,0.0,0.0,1500.0,1500.0,0.0,0.0,119444.42,95888.27,0.0,0.0
David Byrd (Republican of Waynesboro),"Byrd, David",Republican,Waynesboro,No,,No,120944.42,97388.27,0.0,0.0,1500.0,1500.0,0.0,0.0,119444.42,95888.27,0.0,0.0
Shaundelle Brooks (Democrat of Hermitage),"Brooks, Shaundelle",Democrat,Hermitage,Yes,House of Representatives 60,Yes,114903.71,114903.71,114903.71,0.0,89992.71,89992.71,89992.71,0.0,24911.0,24911.0,24911.0,0.0
Shaundelle Brooks (Democrat of Nashville),"Brooks, Shaundelle",Democrat,Nashville,Yes,House of Representatives 60,Yes,114903.71,114903.71,114903.71,0.0,89992.71,89992.71,89992.71,0.0,24911.0,24911.0,24911.0,0.0
William Slater (Republican of Gallatin),"Slater, William",Republican,Gallatin,Yes,House of Representatives 35,Yes,114180.07,114180.07,114180.07,0.0,114180.07,114180.07,114180.07,0.0,0.0,0.0,0.0,0.0
Heidi Campbell (Democrat of Nashville),"Campbell, Heidi",Democrat,Nashville,Yes,Senate District 20,No,113609.37,113609.37,70916.35,0.0,113609.37,113609.37,70916.35,0.0,0.0,0.0,0.0,0.0
Chad Bobo (Republican of Hermitage),"Bobo, Chad",Republican,Hermitage,No,,No,106955.61,106955.61,106955.61,0.0,68162.32999999999,68162.32999999999,68162.32999999999,0.0,38793.28,38793.28,38793.28,0.0
Michael Hale (Republican of Smithville),"Hale, Michael",Republican,Smithville,Yes,House of Representatives 40,Yes,106943.09999999999,106943.09999999999,106943.09999999999,0.0,106943.09999999999,106943.09999999999,106943.09999999999,0.0,0.0,0.0,0.0,0.0
Becky Massey (Republican of Knoxville),"Massey, Becky",Republican,Knoxville,Yes,Senate District 6,No,105533.21,105075.11,92545.11,0.0,105533.21,105075.11,92545.11,0.0,0.0,0.0,0.0,0.0
Ken Yager (Republican of Kingston),"Yager, Ken",Republican,Kingston,Yes,Senate District 12,No,102414.81999999999,102414.81999999999,102414.81999999999,0.0,102414.81999999999,102414.81999999999,102414.81999999999,0.0,0.0,0.0,0.0,0.0
Ed Jackson (Republican of Jackson),"Jackson, Ed",Republican,Jackson,Yes,Senate District 25,Yes,100890.18,75042.35,31062.73,0.0,100890.18,75042.35,31062.73,0.0,0.0,0.0,0.0,0.0
Mark E. Green (Republican of Ashland City),"Green, Mark E.",Republican,Ashland City,No,,No,100511.03,0.0,0.0,0.0,34707.72,0.0,0.0,0.0,65803.31,0.0,0.0,0.0
Robert F. Dunham (Republican of Sparta),"Dunham, Robert F.",Republican,Sparta,No,,No,100047.25999999998,0.0,0.0,0.0,96554.89000000001,0.0,0.0,0.0,3492.37,0.0,0.0,0.0
Ray Jeter (Republican of Lewisburg),"Jeter, Ray",Republican,Lewisburg,No,,No,99050.62,99050.62,99050.62,0.0,99050.62,99050.62,99050.62,0.0,0.0,0.0,0.0,0.0
Chris Todd (Republican of Jackson),"Todd, Chris",Republican,Jackson,Yes,House of Representatives 73,Yes,95315.93,95315.93,67043.34,0.0,95315.93,95315.93,67043.34,0.0,0.0,0.0,0.0,0.0
Jack Johnson (Republican of Brentwood),"Johnson, Jack",Republican,Brentwood,Yes,Senate District 27,Yes,90406.16,90406.16,90406.16,0.0,90406.16,90406.16,90406.16,0.0,0.0,0.0,0.0,0.0
Jack Johnson (Republican of Franklin),"Johnson, Jack",Republican,Franklin,Yes,Senate District 27,Yes,90406.16,90406.16,90406.16,0.0,90406.16,90406.16,90406.16,0.0,0.0,0.0,0.0,0.0
Mark Pody (Republican of Lebanon),"Pody, Mark",Republican,Lebanon,Yes,Senate District 17,Yes,90111.2,61393.91,0.0,0.0,83884.08999999998,55166.8,0.0,0.0,6227.11,6227.11,0.0,0.0
Terri Lynn Weaver (Republican of Gordonsville),"Weaver, Terri Lynn",Republican,Gordonsville,No,,No,89126.15,26494.97,24324.410000000003,0.0,67041.93000000001,4410.75,2240.19,0.0,22084.22,22084.22,22084.22,0.0
Terri Lynn Weaver (Republican of Lancaster),"Weaver, Terri Lynn",Republican,Lancaster,No,,No,89126.15,26494.97,24324.410000000003,0.0,67041.93000000001,4410.75,2240.19,0.0,22084.22,22084.22,22084.22,0.0
Matthew Hill (Republican of Blountville),"Hill, Matthew",Republican,Blountville,No,,No,88966.36,72489.86,0.0,0.0,21836.29,11841.29,0.0,0.0,67130.07,60648.57000000001,0.0,0.0
Matthew Hill (Republican of Jonesborough),"Hill, Matthew",Republican,Jonesborough,No,,No,88966.36,72489.86,0.0,0.0,21836.29,11841.29,0.0,0.0,67130.07,60648.57000000001,0.0,0.0
Mark White (Republican of Memphis),"White, Mark",Republican,Memphis,Yes,House of Representatives 83,Yes,88609.07,83709.07,9967.73,299.25,78200.58,73300.58,2876.33,299.25,10408.49,10408.49,7091.4,0.0
Jim Gotto (Republican of Hermitage),"Gotto, Jim",Republican,Hermitage,No,,No,81607.88,0.0,0.0,0.0,70029.2,0.0,0.0,0.0,11578.68,0.0,0.0,0.0
Christy Sigler (Republican of Murfreesboro),"Sigler, Christy",Republican,Murfreesboro,No,,No,81283.97,0.0,0.0,0.0,81283.97,0.0,0.0,0.0,0.0,0.0,0.0,0.0
Charles Curtiss (Democrat of Sparta),"Curtiss, Charles",Democrat,Sparta,No,,No,81188.84,0.0,0.0,0.0,24968.539999999997,0.0,0.0,0.0,56220.3,0.0,0.0,0.0
Kent A. Morrell (Republican of Knoxville),"Morrell, Kent A.",Republican,Knoxville,No,,No,79512.20999999999,79512.20999999999,79512.20999999999,0.0,79512.20999999999,79512.20999999999,79512.20999999999,0.0,0.0,0.0,0.0,0.0
Mark Maddox (Democrat of Dresden),"Maddox, Mark",Democrat,Dresden,No,,No,77777.28,0.0,0.0,0.0,60619.86,0.0,0.0,0.0,17157.42,0.0,0.0,0.0
Brent Taylor (Republican of Memphis),"Taylor, Brent",Republican,Memphis,Yes,Senate District 31,Yes,76932.12999999999,76932.12999999999,76932.12999999999,0.0,76932.12999999999,76932.12999999999,76932.12999999999,0.0,0.0,0.0,0.0,0.0
Page Walley (Republican of Bolivar),"Walley, Page",Republican,Bolivar,Yes,Senate District 26,No,76151.59999999999,76151.59999999999,15985.35,0.0,76151.59999999999,76151.59999999999,15985.35,0.0,0.0,0.0,0.0,0.0
Page Walley (Republican of Lawrenceburg),"Walley, Page",Republican,Lawrenceburg,Yes,Senate District 26,No,76151.59999999999,76151.59999999999,15985.35,0.0,76151.59999999999,76151.59999999999,15985.35,0.0,0.0,0.0,0.0,0.0
Patsy Hazlewood (Republican of Signal Mountain),"Hazlewood, Patsy",Republican,Signal Mountain,No,,No,75489.34000000001,73316.34000000001,73316.34000000001,0.0,75489.34000000001,73316.34000000001,73316.34000000001,0.0,0.0,0.0,0.0,0.0
Wyatt Rampy (Republican of Nashville),"Rampy, Wyatt",Republican,Nashville,No,,No,73916.92000000001,73916.92000000001,73916.92000000001,0.0,73916.92000000001,73916.92000000001,73916.92000000001,0.0,0.0,0.0,0.0,0.0
Paul Rose (Republican of Collierville),"Rose, Paul",Republican,Collierville,Yes,Senate District 32,No,72859.12,72859.12,1685.65,0.0,72859.12,72859.12,1685.65,0.0,0.0,0.0,0.0,0.0
Paul Rose (Republican of Memphis),"Rose, Paul",Republican,Memphis,Yes,Senate District 32,No,72859.12,72859.12,1685.65,0.0,72859.12,72859.12,1685.65,0.0,0.0,0.0,0.0,0.0
Andrew Holt (Republican of Dresden),"Holt, Andrew",Republican,Dresden,No,,No,72709.61,19587.12,0.0,0.0,57641.119999999995,19587.12,0.0,0.0,15068.49,0.0,0.0,0.0
Jason Powell (Democrat of Nashville),"Powell, Jason",Democrat,Nashville,Yes,House of Representatives 53,Yes,70941.35,0.0,0.0,0.0,44669.89000000001,0.0,0.0,0.0,26271.46,0.0,0.0,0.0
Charles Sargent (Republican of Franklin),"Sargent,  Charles",Republican,Franklin,No,,No,70563.57999999999,0.0,0.0,0.0,50922.58,0.0,0.0,0.0,19641.0,0.0,0.0,0.0
Tony Shipley (Republican of Kingsport),"Shipley, Tony",Republican,Kingsport,No,,No,70220.19,0.0,0.0,0.0,18520.35,0.0,0.0,0.0,51699.840000000004,0.0,0.0,0.0
Jamie Dean Peltz (Republican of Clarksville),"Peltz, Jamie Dean",Republican,Clarksville,No,,No,69434.70999999999,69434.70999999999,69434.70999999999,0.0,6500.0,6500.0,6500.0,0.0,62934.71,62934.71,62934.71,0.0
Gabriel Fancher (Independent of Murfreesboro),"Fancher, Gabriel",Independent,Murfreesboro,No,,No,69054.18,69054.18,69054.18,0.0,69054.18,69054.18,69054.18,0.0,0.0,0.0,0.0,0.0
Gabriel Fancher (Republican of Rockvale),"Fancher, Gabriel",Republican,Rockvale,No,,No,69054.18,69054.18,69054.18,0.0,69054.18,69054.18,69054.18,0.0,0.0,0.0,0.0,0.0
Gary Humble (Republican of Franklin),"Humble, Gary",Republican,Franklin,No,,No,68710.28,68710.28,68710.28,0.0,0.0,0.0,0.0,0.0,68710.28,68710.28,68710.28,0.0
Courtney L. Rogers (Republican of Hendersonville),"Rogers, Courtney L.",Republican,Hendersonville,No,,No,66633.56,0.0,0.0,0.0,33734.130000000005,0.0,0.0,0.0,32899.43,0.0,0.0,0.0
Courtney L. Rogers (Republican of Goodlettsville),"Rogers, Courtney L.",Republican,Goodlettsville,No,,No,66633.56,0.0,0.0,0.0,33734.130000000005,0.0,0.0,0.0,32899.43,0.0,0.0,0.0
Micah Van Huss (Republican of Gray),"Van Huss, Micah",Republican,Gray,No,,No,66173.38,8943.480000000001,0.0,0.0,8943.480000000001,8943.480000000001,0.0,0.0,57229.9,0.0,0.0,0.0
Micah Van Huss (Republican of Jonesborough),"Van Huss, Micah",Republican,Jonesborough,No,,No,66173.38,8943.480000000001,0.0,0.0,8943.480000000001,8943.480000000001,0.0,0.0,57229.9,0.0,0.0,0.0
Shane Reeves (Republican of Milton),"Reeves, Shane",Republican,Milton,Yes,Senate District 14,No,63647.28,63647.28,30524.65,0.0,63647.28,63647.28,30524.65,0.0,0.0,0.0,0.0,0.0
Shane Reeves (Republican of Murfreesboro),"Reeves, Shane",Republican,Murfreesboro,Yes,Senate District 14,No,63647.28,63647.28,30524.65,0.0,63647.28,63647.28,30524.65,0.0,0.0,0.0,0.0,0.0
Jesse Chism (Democrat of Memphis),"Chism, Jesse",Democrat,Memphis,Yes,House of Representatives 85,Yes,61684.01,61684.01,16965.1,0.0,61684.01,61684.01,16965.1,0.0,0.0,0.0,0.0,0.0
David Alexander (Republican of Winchester),"Alexander, David",Republican,Winchester,No,,No,59557.77,0.0,0.0,0.0,59557.77,0.0,0.0,0.0,0.0,0.0,0.0,0.0
John McMahan (Republican of Union City),"McMahan, John",Republican,Union City,No,,No,59337.58,59337.58,0.0,0.0,59337.58,59337.58,0.0,0.0,0.0,0.0,0.0,0.0
Joey Hensley (Republican of Columbia),"Hensley, Joey",Republican,Columbia,Yes,Senate District 28,No,58503.200000000004,32697.59,22697.59,0.0,58503.200000000004,32697.59,22697.59,0.0,0.0,0.0,0.0,0.0
Joey Hensley (Republican of Hohenwald),"Hensley, Joey",Republican,Hohenwald,Yes,Senate District 28,No,58503.200000000004,32697.59,22697.59,0.0,58503.200000000004,32697.59,22697.59,0.0,0.0,0.0,0.0,0.0
Jeff Burkhart (Republican of Clarksville),"Burkhart, Jeff",Republican,Clarksville,Yes,House of Representatives 75,No,56680.45,56680.45,56680.45,216.6,29273.709999999995,29273.709999999995,29273.709999999995,216.6,27406.739999999998,27406.739999999998,27406.739999999998,0.0
Robert (Bob) Ramsey (Republican of Maryville),"Ramsey, Robert (Bob)",Republican,Maryville,No,,No,56556.829999999994,56556.829999999994,35622.229999999996,0.0,22702.690000000002,22702.690000000002,1768.09,0.0,33854.14,33854.14,33854.14,0.0
Jim Hackworth (Democrat of Clinton),"Hackworth, Jim",Democrat,Clinton,No,,No,56185.96,0.0,0.0,0.0,29103.96,0.0,0.0,0.0,27082.0,0.0,0.0,0.0
Reginald Tate (Democrat of Memphis),"Tate, Reginald",Democrat,Memphis,No,,No,55868.05,55868.05,0.0,0.0,55868.05,55868.05,0.0,0.0,0.0,0.0,0.0,0.0
Mary Littleton (Republican of White Bluff),"Littleton, Mary",Republican,White Bluff,Yes,House of Representatives 78,No,55634.45,50259.450000000004,26806.65,299.25,55634.45,50259.450000000004,26806.65,299.25,0.0,0.0,0.0,0.0
Mary Littleton (Republican of Dickson),"Littleton, Mary",Republican,Dickson,Yes,House of Representatives 78,No,55634.45,50259.450000000004,26806.65,299.25,55634.45,50259.450000000004,26806.65,299.25,0.0,0.0,0.0,0.0
London Lamar (Democrat of Memphis),"Lamar, London",Democrat,Memphis,Yes,House of Representatives District 91,Yes,55284.24,55284.24,37023.78,0.0,55284.24,55284.24,37023.78,0.0,0.0,0.0,0.0,0.0
Jerry Sexton (Republican of Bean Station),"Sexton, Jerry",Republican,Bean Station,No,,No,54489.99,0.0,0.0,0.0,54489.99,0.0,0.0,0.0,0.0,0.0,0.0,0.0
Steve Hall (Republican of Knoxville),"Hall, Steve",Republican,Knoxville,No,,No,54368.94,0.0,0.0,0.0,54368.94,0.0,0.0,0.0,0.0,0.0,0.0,0.0
Raumesh Akbari (Democrat of Memphis),"Akbari, Raumesh",Democrat,Memphis,Yes,Senate District 29,Yes,53472.79000000001,39369.590000000004,0.0,0.0,53472.79000000001,39369.590000000004,0.0,0.0,0.0,0.0,0.0,0.0
Rick Eldridge (Republican of Morristown),"Eldridge, Rick",Republican,Morristown,Yes,House of Representatives 10,Yes,53300.67,53300.67,9759.62,299.25,53300.67,53300.67,9759.62,299.25,0.0,0.0,0.0,0.0
Rusty Grills (Republican of Newbern),"Grills, Rusty",Republican,Newbern,Yes,House of Representatives 77,Yes,53258.219999999994,53258.219999999994,44844.34,7.26,53258.219999999994,53258.219999999994,44844.34,7.26,0.0,0.0,0.0,0.0
Eddie Mannis (Republican of Knoxville),"Mannis, Eddie",Republican,Knoxville,No,,No,51850.42,51850.42,0.0,0.0,40973.649999999994,40973.649999999994,0.0,0.0,10876.77,10876.77,0.0,0.0
Gino Bulso (Republican of Brentwood),"Bulso, Gino",Republican,Brentwood,Yes,House of Representatives 61,Yes,51252.689999999995,51252.689999999995,51252.689999999995,0.0,42964.03999999999,42964.03999999999,42964.03999999999,0.0,8288.65,8288.65,8288.65,0.0
Glenn Scruggs (Democrat of Chattanooga),"Scruggs, Glenn",Democrat,Chattanooga,No,,No,50568.810000000005,50568.810000000005,0.0,0.0,50568.810000000005,50568.810000000005,0.0,0.0,0.0,0.0,0.0,0.0
Billy Spivey (Republican of Lewisburg),"Spivey, Billy",Republican,Lewisburg,No,,No,49054.0,0.0,0.0,0.0,49054.0,0.0,0.0,0.0,0.0,0.0,0.0,0.0
Kerry Roberts (Republican of Springfield),"Roberts, Kerry",Republican,Springfield,Yes,Senate District 23,Yes,48554.43,43154.43,2770.17,0.0,48554.43,43154.43,2770.17,0.0,0.0,0.0,0.0,0.0
Beth Halteman Harwell (Republican of Nashville),"Harwell, Beth Halteman",Republican,Nashville,No,,No,48462.09,3062.5,0.0,0.0,48462.09,3062.5,0.0,0.0,0.0,0.0,0.0,0.0
Scott Cepicky (Republican of Culleoka),"Cepicky, Scott",Republican,Culleoka,Yes,House of Representatives 64,Yes,46965.259999999995,46965.259999999995,45950.950000000004,299.25,46965.259999999995,46965.259999999995,45950.950000000004,299.25,0.0,0.0,0.0,0.0
Scott Cepicky (Republican of Columbia),"Cepicky, Scott",Republican,Columbia,Yes,House of Representatives 64,Yes,46965.259999999995,46965.259999999995,45950.950000000004,299.25,46965.259999999995,46965.259999999995,45950.950000000004,299.25,0.0,0.0,0.0,0.0
Richard Montgomery (Republican of Sevierville),"Montgomery, Richard",Republican,Sevierville,No,,No,46434.39,0.0,0.0,0.0,46434.39,0.0,0.0,0.0,0.0,0.0,0.0,0.0
Charlie Baum (Republican of Murfreesboro),"Baum, Charlie",Republican,Murfreesboro,Yes,House of Representatives 37,Yes,46034.31,46034.31,14168.7,299.25,46034.31,46034.31,14168.7,299.25,0.0,0.0,0.0,0.0
Brent Moody (Republican of Nashville),"Moody, Brent",Republican,Nashville,No,,No,45888.67,45888.67,0.0,0.0,45888.67,45888.67,0.0,0.0,0.0,0.0,0.0,0.0
Vance Dennis (Republican of Savannah),"Dennis, Vance",Republican,Savannah,No,,No,45628.29,0.0,0.0,0.0,45628.29,0.0,0.0,0.0,0.0,0.0,0.0,0.0
W. Kevin Dunlap (Democrat of Rock Island),"Dunlap, W. Kevin",Democrat,Rock Island,No,,No,43466.420000000006,0.0,0.0,0.0,20837.609999999997,0.0,0.0,0.0,22628.809999999998,0.0,0.0,0.0
Robert Stevens (Republican of Smyrna),"Stevens, Robert",Republican,Smyrna,Yes,House of Representatives 13,Yes,43296.399999999994,41271.399999999994,41271.399999999994,299.25,41046.399999999994,39021.399999999994,39021.399999999994,299.25,2250.0,2250.0,2250.0,0.0
Jamie Ballinger (Democrat of Knoxville),"Ballinger, Jamie",Democrat,Knoxville,No,,No,43241.700000000004,43241.700000000004,0.0,0.0,43241.700000000004,43241.700000000004,0.0,0.0,0.0,0.0,0.0,0.0
Esther Helton-Haynes (Republican of East Ridge),"Helton-Haynes, Esther",Republican,East Ridge,Yes,House of Representatives 30,Yes,43179.33,43179.33,876.3299999999999,299.25,43179.33,43179.33,876.3299999999999,299.25,0.0,0.0,0.0,0.0
Michael P. (Mike) Waggoner (Republican of Chapel Hill),"Waggoner, Michael P. (Mike)",Republican,Chapel Hill,No,,No,43050.68000000001,0.0,0.0,0.0,43050.68000000001,0.0,0.0,0.0,0.0,0.0,0.0,0.0
Esther Helton-Haynes (Republican of Chattanooga),"Helton-Haynes, Esther",Republican,Chattanooga,Yes,House of Representatives 30,Yes,42880.08,42880.08,577.0799999999999,0.0,42880.08,42880.08,577.0799999999999,0.0,0.0,0.0,0.0,0.0
Eddie Yokley (Democrat of Greeneville),"Yokley, Eddie",Democrat,Greeneville,No,,No,42861.17,0.0,0.0,0.0,23272.670000000002,0.0,0.0,0.0,19588.5,0.0,0.0,0.0
Joe Carr (Republican of Lascassas),"Carr, Joe",Republican,Lascassas,No,,No,42701.62,42701.62,0.0,0.0,5385.5,5385.5,0.0,0.0,37316.12,37316.12,0.0,0.0
Rusty Crowe (Republican of Johnson City),"Crowe, Rusty",Republican,Johnson City,Yes,Senate District 3,Yes,42587.0,42587.0,42587.0,0.0,42587.0,42587.0,42587.0,0.0,0.0,0.0,0.0,0.0
Paul Sherrell (Republican of Sparta),"Sherrell, Paul",Republican,Sparta,Yes,House of Representatives 43,Yes,41761.9,31010.16,18398.56,299.25,41761.9,31010.16,18398.56,299.25,0.0,0.0,0.0,0.0
Chris Hurt (Republican of Halls),"Hurt, Chris",Republican,Halls,Yes,House of Representatives 82,Yes,41409.95,41409.95,0.0,0.0,41409.95,41409.95,0.0,0.0,0.0,0.0,0.0,0.0
Jason Rich (Republican of Collinwood),"Rich, Jason",Republican,Collinwood,No,,No,41310.22,41310.22,41310.22,0.0,41310.22,41310.22,41310.22,0.0,0.0,0.0,0.0,0.0
Rick Scarbrough (Republican of Oak Ridge),"Scarbrough, Rick",Republican,Oak Ridge,Yes,House of Representatives 33,Yes,41196.17999999999,41196.17999999999,41196.17999999999,299.25,41196.17999999999,41196.17999999999,41196.17999999999,299.25,0.0,0.0,0.0,0.0
Rick Scarbrough (Republican of Clinton),"Scarbrough, Rick",Republican,Clinton,Yes,House of Representatives 33,Yes,41196.17999999999,41196.17999999999,41196.17999999999,299.25,41196.17999999999,41196.17999999999,41196.17999999999,299.25,0.0,0.0,0.0,0.0
Martin Daniel (Republican of Knoxville),"Daniel, Martin",Republican,Knoxville,No,,No,40621.86,8785.05,0.0,0.0,40621.86,8785.05,0.0,0.0,0.0,0.0,0.0,0.0
Cynthia Bundren Jackson (Republican of Rogersville),"Jackson, Cynthia Bundren",Republican,Rogersville,No,,No,38832.95,0.0,0.0,0.0,38832.95,0.0,0.0,0.0,0.0,0.0,0.0,0.0
Angela Callis (Democrat of Martin),"Callis, Angela",Democrat,Martin,No,,No,37964.71,0.0,0.0,0.0,37964.71,0.0,0.0,0.0,0.0,0.0,0.0,0.0
Deanna McLaughlin (Republican of Clarksville),"McLaughlin, Deanna",Republican,Clarksville,No,,No,37533.89,37533.89,37533.89,0.0,37533.89,37533.89,37533.89,0.0,0.0,0.0,0.0,0.0
Jody Barrett (Republican of Dickson),"Barrett, Jody",Republican,Dickson,Yes,House of Representatives 69,Yes,37450.45,37450.45,37450.45,0.0,37450.45,37450.45,37450.45,0.0,0.0,0.0,0.0,0.0
Jody Barrett (Republican of Lyles),"Barrett, Jody",Republican,Lyles,Yes,House of Representatives 69,Yes,37450.45,37450.45,37450.45,0.0,37450.45,37450.45,37450.45,0.0,0.0,0.0,0.0,0.0
Diana Cuellar (Republican of Nashville),"Cuellar, Diana",Republican,Nashville,No,,No,37403.01,0.0,0.0,0.0,37403.01,0.0,0.0,0.0,0.0,0.0,0.0,0.0
Deanne Dewitt (Republican of Gallatin),"Dewitt, Deanne",Republican,Gallatin,No,,No,37400.22,37400.22,37400.22,0.0,31733.95,31733.95,31733.95,0.0,5666.27,5666.27,5666.27,0.0
Chris Spencer (Republican of Hendersonville),"Spencer, Chris",Republican,Hendersonville,No,,No,37381.11,37381.11,37381.11,0.0,0.0,0.0,0.0,0.0,37381.11,37381.11,37381.11,0.0
Kirk Haston (Republican of Lobelville),"Haston, Kirk",Republican,Lobelville,Yes,House of Representatives 72,Yes,37214.39,37214.39,577.0799999999999,0.0,28339.39,28339.39,577.0799999999999,0.0,8875.0,8875.0,0.0,0.0
Karen Reynolds (Democrat of Clarksville),"Reynolds, Karen",Democrat,Clarksville,No,,No,37077.6,37077.6,37077.6,0.0,37077.6,37077.6,37077.6,0.0,0.0,0.0,0.0,0.0
Ben Claybaker (Republican of Brentwood),"Claybaker, Ben",Republican,Brentwood,No,,No,37057.75,0.0,0.0,0.0,31873.92,0.0,0.0,0.0,5183.83,0.0,0.0,0.0
Joe Kirkpatrick (Republican of Gallatin),"Kirkpatrick, Joe",Republican,Gallatin,No,,No,36918.9,36918.9,36918.9,0.0,36918.9,36918.9,36918.9,0.0,0.0,0.0,0.0,0.0
Johnnie Hatten (Democrat of Memphis),"Hatten, Johnnie",Democrat,Memphis,No,,No,36763.4,0.0,0.0,0.0,36763.4,0.0,0.0,0.0,0.0,0.0,0.0,0.0
Dwayne Thompson (Democrat of Cordova),"Thompson, Dwayne",Democrat,Cordova,No,,No,36254.12,6870.58,0.0,0.0,36254.12,6870.58,0.0,0.0,0.0,0.0,0.0,0.0
Dennis (Coach) Roach (Republican of Rutledge),"Roach, Dennis (Coach)",Republican,Rutledge,No,,No,36130.31,0.0,0.0,0.0,3772.06,0.0,0.0,0.0,32358.25,0.0,0.0,0.0
Dasha Lundy (Democrat of Knoxville),"Lundy, Dasha",Democrat,Knoxville,No,,No,35998.58,35998.58,35998.58,0.0,35998.58,35998.58,35998.58,0.0,0.0,0.0,0.0,0.0
Ernest Burgess (Republican of Murfreesboro),"Burgess, Ernest",Republican,Murfreesboro,No,,No,35493.03,35493.03,0.0,0.0,35493.03,35493.03,0.0,0.0,0.0,0.0,0.0,0.0
Thomas R. Tillis (Republican of Lewisburg),"Tillis, Thomas R.",Republican,Lewisburg,No,,No,34938.9,34710.6,0.0,0.0,27938.9,27710.600000000002,0.0,0.0,7000.0,7000.0,0.0,0.0
Ty Cobb (Democrat of Columbia),"Cobb, Ty",Democrat,Columbia,No,,No,33862.090000000004,0.0,0.0,0.0,33862.090000000004,0.0,0.0,0.0,0.0,0.0,0.0,0.0
Ty Cobb (Democrat of Culleoka),"Cobb, Ty",Democrat,Culleoka,No,,No,33862.090000000004,0.0,0.0,0.0,33862.090000000004,0.0,0.0,0.0,0.0,0.0,0.0,0.0
Greg Martin (Republican of Hixson),"Martin, Greg",Republican,Hixson,Yes,House of Representatives 26,Yes,33071.28,33071.28,33071.28,299.25,5316.4800000000005,5316.4800000000005,5316.4800000000005,299.25,27754.8,27754.8,27754.8,0.0
Greg Martin (Republican of Chattanooga),"Martin, Greg",Republican,Chattanooga,Yes,House of Representatives 26,Yes,33071.28,33071.28,33071.28,299.25,5316.4800000000005,5316.4800000000005,5316.4800000000005,299.25,27754.8,27754.8,27754.8,0.0
Kelly Keisling (Republican of Byrdstown),"Keisling, Kelly",Republican,Byrdstown,Yes,House of Representatives 38,Yes,32674.52,216.61,216.61,216.61,32674.52,216.61,216.61,216.61,0.0,0.0,0.0,0.0
Dan Hughes (Republican of Lexington),"Hughes, Dan",Republican,Lexington,No,,No,32602.5,32602.5,0.0,0.0,32602.5,32602.5,0.0,0.0,0.0,0.0,0.0,0.0
Nick Bright (Republican of Greenback),"Bright, Nick",Republican,Greenback,No,,No,32334.609999999997,32334.609999999997,32334.609999999997,0.0,0.0,0.0,0.0,0.0,32334.609999999997,32334.609999999997,32334.609999999997,0.0
Mariah Phillips (Democrat of Murfreesboro),"Phillips, Mariah",Democrat,Murfreesboro,No,,No,32147.81,32147.81,0.0,0.0,32147.81,32147.81,0.0,0.0,0.0,0.0,0.0,0.0
Keith Williams (Democrat of Memphis),"Williams, Keith",Democrat,Memphis,No,,No,31037.25,0.0,0.0,0.0,31037.25,0.0,0.0,0.0,0.0,0.0,0.0,0.0
Keith Williams (Independent of Memphis),"Williams, Keith",Independent,Memphis,No,,No,31037.25,0.0,0.0,0.0,31037.25,0.0,0.0,0.0,0.0,0.0,0.0,0.0
Leigh Wilburn (Republican of Somerville),"Wilburn, Leigh",Republican,Somerville,No,,No,31020.26,0.0,0.0,0.0,31020.26,0.0,0.0,0.0,0.0,0.0,0.0,0.0
Claire Jones (Democrat of Nashville),"Jones, Claire",Democrat,Nashville,No,,No,30594.7,30594.7,30594.7,0.0,30594.7,30594.7,30594.7,0.0,0.0,0.0,0.0,0.0
Lee Harris (Democrat of Memphis),"Harris, Lee",Democrat,Memphis,No,,No,30509.97,30509.97,0.0,0.0,30509.97,30509.97,0.0,0.0,0.0,0.0,0.0,0.0
Bob Freeman (Democrat of Nashville),"Freeman, Bob",Democrat,Nashville,Yes,House of Representatives 56,Yes,30239.049999999996,30239.049999999996,0.0,0.0,30239.049999999996,30239.049999999996,0.0,0.0,0.0,0.0,0.0,0.0
Johnnie R. Turner (Democrat of Memphis),"Turner, Johnnie R.",Democrat,Memphis,No,,No,30023.510000000002,0.0,0.0,0.0,12077.26,0.0,0.0,0.0,17946.25,0.0,0.0,0.0
Beth Cox (Republican of Hendersonville),"Cox, Beth",Republican,Hendersonville,No,,No,29953.120000000003,0.0,0.0,0.0,29953.120000000003,0.0,0.0,0.0,0.0,0.0,0.0,0.0
Holly McCall (Democrat of Franklin),"McCall, Holly",Democrat,Franklin,No,,No,29887.840000000004,0.0,0.0,0.0,29887.840000000004,0.0,0.0,0.0,0.0,0.0,0.0,0.0
Telisa Franklin (Democrat of Memphis),"Franklin, Telisa",Democrat,Memphis,No,,Yes,28800.0,28800.0,28800.0,0.0,28800.0,28800.0,28800.0,0.0,0.0,0.0,0.0,0.0
Tony R. Aikens (Republican of Lenoir City),"Aikens, Tony R.",Republican,Lenoir City,No,,No,27905.36,27905.36,0.0,0.0,27905.36,27905.36,0.0,0.0,0.0,0.0,0.0,0.0
Brock Martin (Republican of Cedar Grove),"Martin, Brock",Republican,Cedar Grove,Yes,House of Representatives 79,Yes,26505.809999999998,26505.809999999998,26505.809999999998,216.61,26505.809999999998,26505.809999999998,26505.809999999998,216.61,0.0,0.0,0.0,0.0
Brock Martin (Republican of Huntingdon),"Martin, Brock",Republican,Huntingdon,Yes,House of Representatives 79,Yes,26505.809999999998,26505.809999999998,26505.809999999998,216.61,26505.809999999998,26505.809999999998,26505.809999999998,216.61,0.0,0.0,0.0,0.0
Virginia Couch (Democrat of Knoxville),"Couch, Virginia",Democrat,Knoxville,No,,No,26446.29,26446.29,0.0,0.0,26446.29,26446.29,0.0,0.0,0.0,0.0,0.0,0.0
Michele Carringer (Republican of Knoxville),"Carringer, Michele",Republican,Knoxville,Yes,House of Representatives 16,Yes,26170.879999999997,26170.879999999997,876.3199999999999,299.25,26170.879999999997,26170.879999999997,876.3199999999999,299.25,0.0,0.0,0.0,0.0
Torrey Harris (Democrat of Memphis),"Harris, Torrey",Democrat,Memphis,Yes,House of Representatives 91,Yes,25885.55,25885.55,2855.0,0.0,22505.82,22505.82,2855.0,0.0,3379.73,3379.73,0.0,0.0
Michael Fulbright (Republican of Columbia),"Fulbright, Michael",Republican,Columbia,No,,No,25624.0,25624.0,0.0,0.0,25624.0,25624.0,0.0,0.0,0.0,0.0,0.0,0.0
Khristy Wilkinson (Democrat of Chattanooga),"Wilkinson, Khristy",Democrat,Chattanooga,No,,No,25616.14,0.0,0.0,0.0,25616.14,0.0,0.0,0.0,0.0,0.0,0.0,0.0
Donald Winder (Republican of Athens),"Winder,  Donald",Republican,Athens,No,,No,25244.24,25244.24,0.0,0.0,23390.95,23390.95,0.0,0.0,1853.29,1853.29,0.0,0.0
Troy Weathers (Republican of Cleveland),"Weathers, Troy",Republican,Cleveland,No,,No,24569.32,24569.32,24569.32,0.0,24569.32,24569.32,24569.32,0.0,0.0,0.0,0.0,0.0
Michele Reneau (Republican of Signal Mountain),"Reneau, Michele",Republican,Signal Mountain,Yes,House of Representatives 27,Yes,24052.12,24052.12,24052.12,0.0,0.0,0.0,0.0,0.0,24052.12,24052.12,24052.12,0.0
Patricia Possel (Republican of Memphis),"Possel, Patricia",Republican,Memphis,No,,No,23888.96,23888.96,0.0,0.0,23888.96,23888.96,0.0,0.0,0.0,0.0,0.0,0.0
Gary Loe (Republican of Knoxville),"Loe, Gary",Republican,Knoxville,No,,No,23861.12,0.0,0.0,0.0,21192.0,0.0,0.0,0.0,2669.12,0.0,0.0,0.0
Andrea Bond Johnson (Democrat of Brownsville),"Johnson, Andrea Bond",Democrat,Brownsville,No,,No,23833.06,23833.06,0.0,0.0,23833.06,23833.06,0.0,0.0,0.0,0.0,0.0,0.0
Ryan Williams (Republican of Cookeville),"Williams, Ryan",Republican,Cookeville,Yes,House of Representatives 42,Yes,23694.47,23268.39,508.74,0.0,23694.47,23268.39,508.74,0.0,0.0,0.0,0.0,0.0
Ddd Ddddd (Republican of Sfgsgf),"Ddddd, Ddd",Republican,Sfgsgf,No,,No,23618.760000000002,23618.760000000002,0.0,0.0,23618.760000000002,23618.760000000002,0.0,0.0,0.0,0.0,0.0,0.0
Craig Fitzhugh (Democrat of Ripley),"Fitzhugh, Craig",Democrat,Ripley,No,,No,23462.72,5410.65,0.0,0.0,1772.07,1600.0,0.0,0.0,21690.65,3810.65,0.0,0.0
Jim Lewis (Democrat of South Pittsburg),"Lewis, Jim",Democrat,South Pittsburg,No,,No,23439.74,0.0,0.0,0.0,0.0,0.0,0.0,0.0,23439.74,0.0,0.0,0.0
Melissa Marshall (Republican of Collierville),"Marshall, Melissa",Republican,Collierville,No,,No,23150.180000000004,23150.180000000004,0.0,0.0,23150.180000000004,23150.180000000004,0.0,0.0,0.0,0.0,0.0,0.0
Harry Tindell (Democrat of Knoxville),"Tindell, Harry",Democrat,Knoxville,No,,No,22940.49,22940.49,0.0,0.0,22940.49,22940.49,0.0,0.0,0.0,0.0,0.0,0.0
Charlane Oliver (Democrat of Nashville),"Oliver, Charlane",Democrat,Nashville,Yes,Senate District 19,Yes,22740.35,22740.35,22740.35,0.0,22740.35,22740.35,22740.35,0.0,0.0,0.0,0.0,0.0
Antonio Parkinson (Democrat of Bartlett),"Parkinson, Antonio",Democrat,Bartlett,Yes,House of Representatives 98,Yes,22446.87,2010.0,0.0,0.0,8955.0,2010.0,0.0,0.0,13491.869999999999,0.0,0.0,0.0
Allison Gorman (Democrat of Chattanooga),"Gorman, Allison",Democrat,Chattanooga,No,,No,22349.459999999995,22349.459999999995,22349.459999999995,0.0,22349.459999999995,22349.459999999995,22349.459999999995,0.0,0.0,0.0,0.0,0.0
Wade Munday (Democrat of Springfield),"Munday, Wade",Democrat,Springfield,No,,No,22247.74,22247.74,0.0,0.0,9.4,9.4,0.0,0.0,22238.34,22238.34,0.0,0.0
Beth Harwell (House 18) (Republican of Nashville),"Harwell (House 18), Beth",Republican,Nashville,No,,No,21893.89,0.0,0.0,0.0,19331.57,0.0,0.0,0.0,2562.32,0.0,0.0,0.0
Debra Young Maggart (Republican of Hendersonville),"Maggart, Debra Young",Republican,Hendersonville,No,,No,21568.3,0.0,0.0,0.0,12315.96,0.0,0.0,0.0,9252.34,0.0,0.0,0.0
Katrina Robinson (Democrat of Memphis),"Robinson, Katrina",Democrat,Memphis,No,,No,20950.37,20950.37,0.0,0.0,20950.37,20950.37,0.0,0.0,0.0,0.0,0.0,0.0
Meryl Rice (Democrat of Whiteville),"Rice, Meryl",Democrat,Whiteville,No,,No,20239.53,0.0,0.0,0.0,20239.53,0.0,0.0,0.0,0.0,0.0,0.0,0.0
Tim Rudd (Republican of Murfreesboro),"Rudd, Tim",Republican,Murfreesboro,Yes,House of Representatives 34,Yes,20160.64,20134.68,19134.679999999997,0.0,20160.64,20134.68,19134.679999999997,0.0,0.0,0.0,0.0,0.0
John Mark Windle (Democrat of Livingston),"Windle, John Mark",Democrat,Livingston,No,,No,19804.53,12522.71,3166.0,0.0,15433.53,12522.71,3166.0,0.0,4371.0,0.0,0.0,0.0
John Mark Windle (Independent of Jamestown),"Windle, John Mark",Independent,Jamestown,No,,No,19804.53,12522.71,3166.0,0.0,15433.53,12522.71,3166.0,0.0,4371.0,0.0,0.0,0.0
John Mark Windle (Democrat of Jamestown),"Windle, John Mark",Democrat,Jamestown,No,,No,19804.53,12522.71,3166.0,0.0,15433.53,12522.71,3166.0,0.0,4371.0,0.0,0.0,0.0
Sabi Kumar (Republican of Springfield),"Kumar, Sabi",Republican,Springfield,Yes,House of Representatives 66,Yes,19057.68,0.0,0.0,0.0,19057.68,0.0,0.0,0.0,0.0,0.0,0.0,0.0
Elizabeth Webb (Democrat of Greenbrier),"Webb, Elizabeth",Democrat,Greenbrier,No,,No,18994.0,18994.0,18994.0,0.0,18994.0,18994.0,18994.0,0.0,0.0,0.0,0.0,0.0
Alison Beale (Democrat of Hendersonville),"Beale, Alison",Democrat,Hendersonville,No,,No,18788.510000000002,18788.510000000002,18788.510000000002,0.0,18788.510000000002,18788.510000000002,18788.510000000002,0.0,0.0,0.0,0.0,0.0
Mark Cochran (Republican of Englewood),"Cochran, Mark",Republican,Englewood,Yes,House of Representatives 23,Yes,18573.35,18573.35,1041.06,0.0,18573.35,18573.35,1041.06,0.0,0.0,0.0,0.0,0.0
Mark Cochran (Republican of Athens),"Cochran, Mark",Republican,Athens,Yes,House of Representatives 23,Yes,18573.35,18573.35,1041.06,0.0,18573.35,18573.35,1041.06,0.0,0.0,0.0,0.0,0.0
Amber Huett-Garcia (Democrat of Memphis),"Huett-Garcia, Amber",Democrat,Memphis,No,,No,18425.5,18425.5,0.0,0.0,18425.5,18425.5,0.0,0.0,0.0,0.0,0.0,0.0
Calvin Moore (Democrat of West Point),"Moore, Calvin",Democrat,West Point,No,,No,18191.4,0.0,0.0,0.0,5456.4,0.0,0.0,0.0,12735.0,0.0,0.0,0.0
John Tidwell (Democrat of New Johnsonville),"Tidwell, John",Democrat,New Johnsonville,No,,No,17965.86,0.0,0.0,0.0,16667.32,0.0,0.0,0.0,1298.54,0.0,0.0,0.0
David Hawk (Republican of Greeneville),"Hawk, David",Republican,Greeneville,Yes,House of Representatives 5,Yes,17734.6,0.0,0.0,0.0,14222.6,0.0,0.0,0.0,3512.0,0.0,0.0,0.0
Steve Southerland (Republican of Morristown),"Southerland, Steve",Republican,Morristown,Yes,Senate District 9,Yes,17562.030000000002,17562.030000000002,17562.030000000002,0.0,17562.030000000002,17562.030000000002,17562.030000000002,0.0,0.0,0.0,0.0,0.0
Chad Keen (Republican of Bristol),"Keen, Chad",Republican,Bristol,No,,No,17075.219999999998,0.0,0.0,0.0,17075.219999999998,0.0,0.0,0.0,0.0,0.0,0.0,0.0
Kip Capley (Republican of Summertown),"Capley, Kip",Republican,Summertown,Yes,House of Representatives 71,Yes,17069.87,17069.87,17069.87,216.61,17069.87,17069.87,17069.87,216.61,0.0,0.0,0.0,0.0
Jerri Green (Democrat of Memphis),"Green, Jerri",Democrat,Memphis,No,,Yes,16963.97,16963.97,1090.0,1090.0,16963.97,16963.97,1090.0,1090.0,0.0,0.0,0.0,0.0
Frederick D. Tappan (Republican of Memphis),"Tappan, Frederick D.",Republican,Memphis,No,,No,16882.32,16882.32,16882.32,0.0,16882.32,16882.32,16882.32,0.0,0.0,0.0,0.0,0.0
Bobby Stewart (Republican of Sunbright),"Stewart, Bobby",Republican,Sunbright,No,,No,16758.0,0.0,0.0,0.0,16758.0,0.0,0.0,0.0,0.0,0.0,0.0,0.0
Clark Boyd (Republican of Lebanon),"Boyd, Clark",Republican,Lebanon,Yes,House of Representatives 46,Yes,16123.220000000001,16123.220000000001,2128.68,0.0,16123.220000000001,16123.220000000001,2128.68,0.0,0.0,0.0,0.0,0.0
Bud Hulsey (Republican of Kingsport),"Hulsey, Bud",Republican,Kingsport,Yes,House of Representatives 2,No,15762.0,0.0,0.0,0.0,15762.0,0.0,0.0,0.0,0.0,0.0,0.0,0.0
Judd Matheny (Republican of Tullahoma),"Matheny, Judd",Republican,Tullahoma,No,,No,15049.949999999999,0.0,0.0,0.0,0.0,0.0,0.0,0.0,15049.949999999999,0.0,0.0,0.0
Brandon Thomas (Democrat of Murfreesboro),"Thomas, Brandon",Democrat,Murfreesboro,No,,No,15003.85,15003.85,0.0,0.0,15003.85,15003.85,0.0,0.0,0.0,0.0,0.0,0.0
Sam Whitson (Republican of Franklin),"Whitson, Sam",Republican,Franklin,No,,No,14774.920000000002,0.0,0.0,0.0,14774.920000000002,0.0,0.0,0.0,0.0,0.0,0.0,0.0
Bill Ketron (Republican of Murfreesboro),"Ketron, Bill",Republican,Murfreesboro,No,,No,14734.43,13699.46,0.0,0.0,14734.43,13699.46,0.0,0.0,0.0,0.0,0.0,0.0
James Evan Dallas (Democrat of Columbia),"Dallas, James Evan",Democrat,Columbia,No,,No,14711.33,14711.33,14711.33,0.0,14711.33,14711.33,14711.33,0.0,0.0,0.0,0.0,0.0
Lowell Russell (Republican of Vonore),"Russell, Lowell",Republican,Vonore,Yes,House of Representatives 21,Yes,14391.260000000002,14391.260000000002,1164.4699999999998,0.0,14391.260000000002,14391.260000000002,1164.4699999999998,0.0,0.0,0.0,0.0,0.0
Lowell Russell (Republican of Sweetwater),"Russell, Lowell",Republican,Sweetwater,Yes,House of Representatives 21,Yes,14391.260000000002,14391.260000000002,1164.4699999999998,0.0,14391.260000000002,14391.260000000002,1164.4699999999998,0.0,0.0,0.0,0.0,0.0
Patti Bounds (Republican of Knoxville),"Bounds, Patti",Republican,Knoxville,No,,No,14290.61,14290.61,0.0,0.0,14290.61,14290.61,0.0,0.0,0.0,0.0,0.0,0.0
Noah Nordstrom (Democrat of Memphis),"Nordstrom, Noah",Democrat,Memphis,No,,No,14197.91,14197.91,14197.91,0.0,5686.68,5686.68,5686.68,0.0,8511.23,8511.23,8511.23,0.0
Ruby Powell-Dennis (Democrat of Cordova),"Powell-Dennis, Ruby",Democrat,Cordova,No,,No,13933.31,13933.31,13933.31,0.0,13933.31,13933.31,13933.31,0.0,0.0,0.0,0.0,0.0
Art Swann (Republican of Alcoa),"Swann, Art",Republican,Alcoa,No,,No,13672.0,13672.0,0.0,0.0,13672.0,13672.0,0.0,0.0,0.0,0.0,0.0,0.0
Art Swann (Republican of Maryville),"Swann, Art",Republican,Maryville,No,,No,13672.0,13672.0,0.0,0.0,13672.0,13672.0,0.0,0.0,0.0,0.0,0.0,0.0
Tandy Darby (Republican of Greenfield),"Darby, Tandy",Republican,Greenfield,Yes,House of Representatives 76,Yes,13196.580000000002,13196.580000000002,421.77,0.0,10598.01,10598.01,421.77,0.0,2598.57,2598.57,0.0,0.0
Kathy Lennon (Democrat of Signal Mountain),"Lennon, Kathy",Democrat,Signal Mountain,No,,No,12903.960000000001,12903.960000000001,12903.960000000001,0.0,12903.960000000001,12903.960000000001,12903.960000000001,0.0,0.0,0.0,0.0,0.0
Barry Doss (Republican of Leoma),"Doss, Barry",Republican,Leoma,No,,No,12866.75,220.55,0.0,0.0,12646.2,0.0,0.0,0.0,220.55,220.55,0.0,0.0
Barry Doss (Republican of Lawrenceburg),"Doss, Barry",Republican,Lawrenceburg,No,,No,12866.75,220.55,0.0,0.0,12646.2,0.0,0.0,0.0,220.55,220.55,0.0,0.0
James T. (Bubba) Cobb (Republican of Hornbeak),"Cobb, James T. (Bubba)",Republican,Hornbeak,No,,No,12845.91,12845.91,12845.91,0.0,0.0,0.0,0.0,0.0,12845.91,12845.91,12845.91,0.0
Andrew Porch (Democrat of Waverly),"Porch, Andrew",Democrat,Waverly,No,,No,12779.06,0.0,0.0,0.0,0.0,0.0,0.0,0.0,12779.06,0.0,0.0,0.0
Caleb Hemmer (Democrat of Nashville),"Hemmer, Caleb",Democrat,Nashville,Yes,House of Representatives 59,No,12739.380000000001,12739.380000000001,12739.380000000001,0.0,12739.380000000001,12739.380000000001,12739.380000000001,0.0,0.0,0.0,0.0,0.0
Domonica Bryan (Democrat of Knoxville),"Bryan, Domonica",Democrat,Knoxville,No,,No,12604.73,12604.73,12604.73,600.0,12604.73,12604.73,12604.73,600.0,0.0,0.0,0.0,0.0
Jerome Moon (Republican of Maryville),"Moon, Jerome",Republican,Maryville,Yes,House of Representatives 8,No,12200.09,12200.09,299.25,299.25,12200.09,12200.09,299.25,299.25,0.0,0.0,0.0,0.0
Jason Martin (Democrat of Nashville),"Martin, Jason",Democrat,Nashville,No,,No,11665.199999999999,11665.199999999999,11665.199999999999,0.0,11665.199999999999,11665.199999999999,11665.199999999999,0.0,0.0,0.0,0.0,0.0
Mary Alice Carfi (Democrat of Lebanon),"Carfi, Mary Alice",Democrat,Lebanon,No,,No,11515.609999999999,11515.609999999999,0.0,0.0,609.4,609.4,0.0,0.0,10906.21,10906.21,0.0,0.0
Steve Gawrys (Republican of Brentwood),"Gawrys, Steve",Republican,Brentwood,No,,No,11480.0,0.0,0.0,0.0,11480.0,0.0,0.0,0.0,0.0,0.0,0.0,0.0
William Lamberth (Republican of Hendersonville),"Lamberth, William",Republican,Hendersonville,Yes,House of Representatives 44,Yes,11135.69,11097.85,10809.25,0.0,11135.69,11097.85,10809.25,0.0,0.0,0.0,0.0,0.0
William Lamberth (Republican of Portland),"Lamberth, William",Republican,Portland,Yes,House of Representatives 44,Yes,11135.69,11097.85,10809.25,0.0,11135.69,11097.85,10809.25,0.0,0.0,0.0,0.0,0.0
Cameron Sexton (Republican of Nashville),"Sexton, Cameron",Republican,Nashville,Yes,House of Representatives 25,Yes,10846.939999999999,9478.55,6940.73,5000.0,10846.939999999999,9478.55,6940.73,5000.0,0.0,0.0,0.0,0.0
Cameron Sexton (Republican of Crossville),"Sexton, Cameron",Republican,Crossville,Yes,House of Representatives 25,Yes,10846.939999999999,9478.55,6940.73,5000.0,10846.939999999999,9478.55,6940.73,5000.0,0.0,0.0,0.0,0.0
Rush Bricken (Republican of Manchester),"Bricken, Rush",Republican,Manchester,Yes,House of Representatives 47,Yes,10815.84,10815.84,0.0,0.0,10815.84,10815.84,0.0,0.0,0.0,0.0,0.0,0.0
Rush Bricken (Republican of Tullahoma),"Bricken, Rush",Republican,Tullahoma,Yes,House of Representatives 47,Yes,10815.84,10815.84,0.0,0.0,10815.84,10815.84,0.0,0.0,0.0,0.0,0.0,0.0
Toniko S. Harris (Democrat of Cordova),"Harris, Toniko S.",Democrat,Cordova,No,,No,10814.380000000001,10814.380000000001,10814.380000000001,0.0,10814.380000000001,10814.380000000001,10814.380000000001,0.0,0.0,0.0,0.0,0.0
Greg Vital (Republican of Georgetown),"Vital, Greg",Republican,Georgetown,Yes,House of Representatives 29,Yes,10759.810000000001,10759.810000000001,2299.25,299.25,10759.810000000001,10759.810000000001,2299.25,299.25,0.0,0.0,0.0,0.0
Greg Vital (Republican of Harrison),"Vital, Greg",Republican,Harrison,Yes,House of Representatives 29,Yes,10759.810000000001,10759.810000000001,2299.25,299.25,10759.810000000001,10759.810000000001,2299.25,299.25,0.0,0.0,0.0,0.0
Greg Vital (Republican of Chattanooga),"Vital, Greg",Republican,Chattanooga,Yes,House of Representatives 29,Yes,10759.810000000001,10759.810000000001,2299.25,299.25,10759.810000000001,10759.810000000001,2299.25,299.25,0.0,0.0,0.0,0.0
Mae Beavers (Republican of Mt. Juliet),"Beavers, Mae",Republican,Mt. Juliet,No,,No,10725.58,10725.58,0.0,0.0,0.0,0.0,0.0,0.0,10725.58,10725.58,0.0,0.0
Sam McKenzie (Democrat of Knoxville),"McKenzie, Sam",Democrat,Knoxville,Yes,House of Representatives 15,Yes,10524.119999999999,10524.119999999999,10524.119999999999,0.0,10524.119999999999,10524.119999999999,10524.119999999999,0.0,0.0,0.0,0.0,0.0
Bill Sanderson (Republican of Kenton),"Sanderson, Bill",Republican,Kenton,No,,No,10500.0,0.0,0.0,0.0,10500.0,0.0,0.0,0.0,0.0,0.0,0.0,0.0
Ron Gant (Republican of Rossville),"Gant, Ron",Republican,Rossville,Yes,House of Representatives 94,Yes,10452.54,0.0,0.0,0.0,10452.54,0.0,0.0,0.0,0.0,0.0,0.0,0.0
Ron Gant (Republican of Piperton),"Gant, Ron",Republican,Piperton,Yes,House of Representatives 94,Yes,10452.54,0.0,0.0,0.0,10452.54,0.0,0.0,0.0,0.0,0.0,0.0,0.0
Janice Bowling (Republican of Tullahoma),"Bowling, Janice",Republican,Tullahoma,Yes,Senate District 16,No,10405.26,10000.0,0.0,0.0,10405.26,10000.0,0.0,0.0,0.0,0.0,0.0,0.0
Glen Casada (Republican of Franklin),"Casada, Glen",Republican,Franklin,No,,No,10253.859999999999,2039.48,0.0,0.0,9872.159999999998,1657.7799999999997,0.0,0.0,381.7,381.7,0.0,0.0
Glen Casada (Republican of Thompsons Station),"Casada, Glen",Republican,Thompsons Station,No,,No,10253.859999999999,2039.48,0.0,0.0,9872.159999999998,1657.7799999999997,0.0,0.0,381.7,381.7,0.0,0.0
Glen Casada (Republican of College Grove),"Casada, Glen",Republican,College Grove,No,,No,10253.859999999999,2039.48,0.0,0.0,9872.159999999998,1657.7799999999997,0.0,0.0,381.7,381.7,0.0,0.0
William A. Lockhart (Republican of Tullahoma),"Lockhart, William A.",Republican,Tullahoma,No,,No,10182.9,0.0,0.0,0.0,10182.9,0.0,0.0,0.0,0.0,0.0,0.0,0.0
Laura Andreson (Democrat of Franklin),"Andreson, Laura",Democrat,Franklin,No,,Yes,10059.37,10059.37,10059.37,0.0,10059.37,10059.37,10059.37,0.0,0.0,0.0,0.0,0.0
Scotty Campbell (Republican of Mountain City),"Campbell, Scotty",Republican,Mountain City,No,,No,9973.84,9973.84,0.0,0.0,9973.84,9973.84,0.0,0.0,0.0,0.0,0.0,0.0
Kyle Southern (Democrat of Antioch),"Southern, Kyle",Democrat,Antioch,No,,No,9953.0,9953.0,0.0,0.0,9953.0,9953.0,0.0,0.0,0.0,0.0,0.0,0.0
Sara Kyle (Democrat of Memphis),"Kyle, Sara",Democrat,Memphis,Yes,Senate District 30,No,9868.54,5730.19,5730.19,0.0,9868.54,5730.19,5730.19,0.0,0.0,0.0,0.0,0.0
Jeremy Durham (Republican of Brentwood),"Durham, Jeremy",Republican,Brentwood,No,,No,9525.06,0.0,0.0,0.0,479.18,0.0,0.0,0.0,9045.880000000001,0.0,0.0,0.0
Jeremy Durham (Republican of Franklin),"Durham, Jeremy",Republican,Franklin,No,,No,9525.06,0.0,0.0,0.0,479.18,0.0,0.0,0.0,9045.880000000001,0.0,0.0,0.0
Sherry Jones (Democrat of Nashville),"Jones, Sherry",Democrat,Nashville,No,,No,8876.56,0.0,0.0,0.0,368.56,0.0,0.0,0.0,8508.0,0.0,0.0,0.0
Jimmy Harris (Republican of Jackson),"Harris, Jimmy",Republican,Jackson,No,,No,8500.31,8500.31,8500.31,0.0,0.0,0.0,0.0,0.0,8500.31,8500.31,8500.31,0.0
Tom Leatherwood (Republican of Arlington),"Leatherwood, Tom",Republican,Arlington,Yes,House of Representatives 99,Yes,8228.19,8228.19,638.37,216.61,8228.19,8228.19,638.37,216.61,0.0,0.0,0.0,0.0
Cherie Hammond (Republican of Franklin),"Hammond, Cherie",Republican,Franklin,No,,No,8193.51,0.0,0.0,0.0,0.0,0.0,0.0,0.0,8193.51,0.0,0.0,0.0
Doug Overbey (Republican of Maryville),"Overbey, Doug",Republican,Maryville,No,,No,8166.72,0.0,0.0,0.0,281.71999999999997,0.0,0.0,0.0,7885.0,0.0,0.0,0.0
Tommy Pedigo (Republican of Morristown),"Pedigo, Tommy",Republican,Morristown,No,,No,8152.54,8152.54,0.0,0.0,8152.54,8152.54,0.0,0.0,0.0,0.0,0.0,0.0
Debra Moody (Republican of Covington),"Moody, Debra",Republican,Covington,Yes,House of Representatives 81,No,7928.8099999999995,155.31,155.31,0.0,7928.8099999999995,155.31,155.31,0.0,0.0,0.0,0.0,0.0
Dale Ford (Republican of Jonesborough),"Ford, Dale",Republican,Jonesborough,No,,No,7885.0,0.0,0.0,0.0,0.0,0.0,0.0,0.0,7885.0,0.0,0.0,0.0
Stacey Campfield (Republican of Knoxville),"Campfield, Stacey",Republican,Knoxville,No,,No,7844.18,0.0,0.0,0.0,0.0,0.0,0.0,0.0,7844.18,0.0,0.0,0.0
Michael Winton (Democrat of Manchester),"Winton, Michael",Democrat,Manchester,No,,No,7705.67,0.0,0.0,0.0,7705.67,0.0,0.0,0.0,0.0,0.0,0.0,0.0
Michael Winton (Democrat of Tullahoma),"Winton, Michael",Democrat,Tullahoma,No,,No,7705.67,0.0,0.0,0.0,7705.67,0.0,0.0,0.0,0.0,0.0,0.0,0.0
Bo Watson (Republican of Hixson),"Watson, Bo",Republican,Hixson,Yes,Senate District 11,Yes,7563.56,7074.3,6510.92,0.0,7563.56,7074.3,6510.92,0.0,0.0,0.0,0.0,0.0
Jerry Lowery (Republican of Sparta),"Lowery, Jerry",Republican,Sparta,No,,No,7501.79,7501.79,0.0,0.0,7501.79,7501.79,0.0,0.0,0.0,0.0,0.0,0.0
Steve Glover (Republican of Hermitage),"Glover, Steve",Republican,Hermitage,No,,No,7173.63,0.0,0.0,0.0,6087.85,0.0,0.0,0.0,1085.78,0.0,0.0,0.0
Danielle Schonbaum (Democrat of Memphis),"Schonbaum, Danielle",Democrat,Memphis,No,,No,7016.98,7016.98,0.0,0.0,7016.98,7016.98,0.0,0.0,0.0,0.0,0.0,0.0
Catrina Smith (Democrat of Memphis),"Smith, Catrina",Democrat,Memphis,No,,No,6960.0,6960.0,0.0,0.0,6960.0,6960.0,0.0,0.0,0.0,0.0,0.0,0.0
Karl Dean (Democrat of Nashville),"Dean, Karl",Democrat,Nashville,No,,No,6936.19,6936.19,0.0,0.0,6936.19,6936.19,0.0,0.0,0.0,0.0,0.0,0.0
Jeffrey D. Brantley (Republican of Sharps Chapel),"Brantley, Jeffrey D.",Republican,Sharps Chapel,No,,No,6869.0,0.0,0.0,0.0,6869.0,0.0,0.0,0.0,0.0,0.0,0.0,0.0
William Nathan Massey (Republican of Whites Creek),"Massey,  William Nathan",Republican,Whites Creek,No,,No,6731.34,0.0,0.0,0.0,6731.34,0.0,0.0,0.0,0.0,0.0,0.0,0.0
Thomas Gray (Republican of Elizabethton),"Gray, Thomas",Republican,Elizabethton,No,,No,6701.0,0.0,0.0,0.0,6701.0,0.0,0.0,0.0,0.0,0.0,0.0,0.0
Jake McCalmon (Republican of Franklin),"McCalmon, Jake",Republican,Franklin,Yes,House of Representatives 63,Yes,6395.91,6395.91,6395.91,0.0,6395.91,6395.91,6395.91,0.0,0.0,0.0,0.0,0.0
Jake McCalmon (Republican of Brentwood),"McCalmon, Jake",Republican,Brentwood,Yes,House of Representatives 63,Yes,6395.91,6395.91,6395.91,0.0,6395.91,6395.91,6395.91,0.0,0.0,0.0,0.0,0.0
Allan Creasy (Democrat of Memphis),"Creasy, Allan",Democrat,Memphis,No,,No,6390.9,6390.9,0.0,0.0,6390.9,6390.9,0.0,0.0,0.0,0.0,0.0,0.0
Iris Rudder (Republican of Winchester),"Rudder, Iris",Republican,Winchester,Yes,House of Representatives 39,Yes,6233.1900000000005,6233.1900000000005,3035.69,299.25,6233.1900000000005,6233.1900000000005,3035.69,299.25,0.0,0.0,0.0,0.0
Jim Dodson (Democrat of Oak Ridge),"Dodson, Jim",Democrat,Oak Ridge,No,,No,6230.9,6230.9,6230.9,0.0,6230.9,6230.9,6230.9,0.0,0.0,0.0,0.0,0.0
Mike Carter (Republican of Ooltewah),"Carter, Mike",Republican,Ooltewah,No,,No,6222.54,0.0,0.0,0.0,6222.54,0.0,0.0,0.0,0.0,0.0,0.0,0.0
Mike Carter (Republican of Chattanooga),"Carter, Mike",Republican,Chattanooga,No,,No,6222.54,0.0,0.0,0.0,6222.54,0.0,0.0,0.0,0.0,0.0,0.0,0.0
Brenda Gilmore (Democrat of Goodlettsville),"Gilmore, Brenda",Democrat,Goodlettsville,No,,No,6179.23,6179.23,0.0,0.0,6179.23,6179.23,0.0,0.0,0.0,0.0,0.0,0.0
Brenda Gilmore (Democrat of Nashville),"Gilmore, Brenda",Democrat,Nashville,No,,No,6179.23,6179.23,0.0,0.0,6179.23,6179.23,0.0,0.0,0.0,0.0,0.0,0.0
Scott McCormick (Republican of Cordova),"McCormick, Scott",Republican,Cordova,No,,No,5821.360000000001,5821.360000000001,0.0,0.0,5821.360000000001,5821.360000000001,0.0,0.0,0.0,0.0,0.0,0.0
Dave Wright (Republican of Corryton),"Wright, Dave",Republican,Corryton,Yes,House of Representatives 19,Yes,5500.0,5500.0,0.0,0.0,5500.0,5500.0,0.0,0.0,0.0,0.0,0.0,0.0
Gregory B. Kaplan (Democrat of Knoxville),"Kaplan, Gregory B.",Democrat,Knoxville,No,,No,5332.84,5332.84,5332.84,0.0,5332.84,5332.84,5332.84,0.0,0.0,0.0,0.0,0.0
Benjamin K. Mallicote (Republican of Kingsport),"Mallicote, Benjamin K.",Republican,Kingsport,No,,No,5325.0,0.0,0.0,0.0,0.0,0.0,0.0,0.0,5325.0,0.0,0.0,0.0
Anna Grabowski (Democrat of Ten Mile),"Grabowski, Anna",Democrat,Ten Mile,No,,No,5236.42,5236.42,5236.42,0.0,5236.42,5236.42,5236.42,0.0,0.0,0.0,0.0,0.0
Dolores Gresham (Republican of Somerville),"Gresham, Dolores",Republican,Somerville,No,,No,5057.23,0.0,0.0,0.0,5057.23,0.0,0.0,0.0,0.0,0.0,0.0,0.0
Curtis Halford (Republican of Dyer),"Halford, Curtis",Republican,Dyer,No,,No,5052.1,5000.0,0.0,0.0,5052.1,5000.0,0.0,0.0,0.0,0.0,0.0,0.0
Mark Hall (Republican of Cleveland),"Hall, Mark",Republican,Cleveland,No,,No,5000.0,5000.0,0.0,0.0,5000.0,5000.0,0.0,0.0,0.0,0.0,0.0,0.0
William Clayton Stout (Republican of Johnson City),"Stout, William Clayton",Republican,Johnson City,No,,No,4996.889999999999,0.0,0.0,0.0,4996.889999999999,0.0,0.0,0.0,0.0,0.0,0.0,0.0
Wayne White (Republican of Cumberland Furance),"White, Wayne",Republican,Cumberland Furance,No,,No,4885.79,0.0,0.0,0.0,4885.79,0.0,0.0,0.0,0.0,0.0,0.0,0.0
Wayne White (Republican of Cumberland Furnace),"White, Wayne",Republican,Cumberland Furnace,No,,No,4885.79,0.0,0.0,0.0,4885.79,0.0,0.0,0.0,0.0,0.0,0.0,0.0
Wayne White (Republican of Slayden),"White, Wayne",Republican,Slayden,No,,No,4885.79,0.0,0.0,0.0,4885.79,0.0,0.0,0.0,0.0,0.0,0.0,0.0
Johnny Garrett (Republican of Goodlettsville),"Garrett, Johnny",Republican,Goodlettsville,Yes,House of Representatives 45,No,4798.34,4798.34,4784.03,0.0,53.980000000000004,53.980000000000004,39.67,0.0,4744.36,4744.36,4744.36,0.0
Lewis Johnny Edwards (Republican of Ripley),"Edwards, Lewis Johnny",Republican,Ripley,No,,No,4691.0,0.0,0.0,0.0,4691.0,0.0,0.0,0.0,0.0,0.0,0.0,0.0
Joe Towns (Democrat of Memphis),"Towns, Joe",Democrat,Memphis,Yes,House of Representatives 84,Yes,4565.0,4315.0,2215.0,0.0,4565.0,4315.0,2215.0,0.0,0.0,0.0,0.0,0.0
Linda Hayes (Democrat of White Bluff),"Hayes, Linda",Democrat,White Bluff,No,,No,4511.85,0.0,0.0,0.0,500.85,0.0,0.0,0.0,4011.0,0.0,0.0,0.0
Larry Miller (Democrat of Memphis),"Miller, Larry",Democrat,Memphis,Yes,House of Representatives 88,Yes,4449.4,9.4,0.0,0.0,4449.4,9.4,0.0,0.0,0.0,0.0,0.0,0.0
Lauri Day (Republican of Nashville),"Day, Lauri",Republican,Nashville,No,,No,4419.62,0.0,0.0,0.0,0.0,0.0,0.0,0.0,4419.62,0.0,0.0,0.0
John Crawford (Republican of Kingsport),"Crawford, John",Republican,Kingsport,Yes,House of Representatives 1,Yes,4393.41,216.61,216.61,216.61,4393.41,216.61,216.61,216.61,0.0,0.0,0.0,0.0
John Crawford (Republican of Bristol),"Crawford, John",Republican,Bristol,Yes,House of Representatives 1,Yes,4393.41,216.61,216.61,216.61,4393.41,216.61,216.61,216.61,0.0,0.0,0.0,0.0
Kent Calfee (Republican of Kingston),"Calfee, Kent",Republican,Kingston,No,,No,4327.0,3427.0,0.0,0.0,4327.0,3427.0,0.0,0.0,0.0,0.0,0.0,0.0
Phillip R. Carriger (Republican of Johnson City),"Carriger, Phillip R.",Republican,Johnson City,No,,No,4246.0,0.0,0.0,0.0,4246.0,0.0,0.0,0.0,0.0,0.0,0.0,0.0
Chris Moth (Democrat of Nashville),"Moth, Chris",Democrat,Nashville,No,,No,4161.18,0.0,0.0,0.0,4161.18,0.0,0.0,0.0,0.0,0.0,0.0,0.0
Erica Nicole Coleman (Democrat of Jackson),"Coleman, Erica Nicole",Democrat,Jackson,No,,No,4160.03,4160.03,4160.03,0.0,4160.03,4160.03,4160.03,0.0,0.0,0.0,0.0,0.0
Vicki C. Cain (Democrat of Lewisburg),"Cain, Vicki C.",Democrat,Lewisburg,No,,No,3922.0,0.0,0.0,0.0,0.0,0.0,0.0,0.0,3922.0,0.0,0.0,0.0
Justin Pearson (Democrat of Memphis),"Pearson, Justin",Democrat,Memphis,Yes,House of Representatives 86,Yes,3811.1299999999997,3811.1299999999997,3811.1299999999997,0.0,3811.1299999999997,3811.1299999999997,3811.1299999999997,0.0,0.0,0.0,0.0,0.0
Jane R. Crisp (Democrat of Pegram),"Crisp, Jane R.",Democrat,Pegram,No,,No,3799.27,0.0,0.0,0.0,3799.27,0.0,0.0,0.0,0.0,0.0,0.0,0.0
Jeremy Faison (Republican of Cosby),"Faison, Jeremy",Republican,Cosby,Yes,House of Representatives 11,No,3796.45,2141.27,572.08,0.0,3796.45,2141.27,572.08,0.0,0.0,0.0,0.0,0.0
Jeremy Faison (Republican of Newport),"Faison, Jeremy",Republican,Newport,Yes,House of Representatives 11,No,3796.45,2141.27,572.08,0.0,3796.45,2141.27,572.08,0.0,0.0,0.0,0.0,0.0
Tim Hutchison (Republican of Powell),"Hutchison, Tim",Republican,Powell,No,,No,3740.34,3740.34,0.0,0.0,3740.34,3740.34,0.0,0.0,0.0,0.0,0.0,0.0
Brad Batt (Democrat of Johnson City),"Batt, Brad",Democrat,Johnson City,No,,Yes,3629.87,3629.87,3629.87,0.0,3629.87,3629.87,3629.87,0.0,0.0,0.0,0.0,0.0
Sylvain Bruni (Democrat of Johnson City),"Bruni, Sylvain",Democrat,Johnson City,No,,No,3610.13,3610.13,3610.13,0.0,3610.13,3610.13,3610.13,0.0,0.0,0.0,0.0,0.0
Mark Lovell (Republican of Eads),"Lovell, Mark",Republican,Eads,No,,No,3577.2,0.0,0.0,0.0,3577.2,0.0,0.0,0.0,0.0,0.0,0.0,0.0
Ed Butler (Republican of Rickman),"Butler, Ed",Republican,Rickman,Yes,House of Representatives 41,Yes,3479.9300000000003,638.37,638.37,216.61,3479.9300000000003,638.37,638.37,216.61,0.0,0.0,0.0,0.0
Ed Butler (Republican of Cookeville),"Butler, Ed",Republican,Cookeville,Yes,House of Representatives 41,Yes,3479.9300000000003,638.37,638.37,216.61,3479.9300000000003,638.37,638.37,216.61,0.0,0.0,0.0,0.0
Barbara Cooper (Democrat of Memphis),"Cooper, Barbara",Democrat,Memphis,No,,No,3459.4,3459.4,0.0,0.0,3459.4,3459.4,0.0,0.0,0.0,0.0,0.0,0.0
Bob Ravener (Republican of Franklin),"Ravener, Bob",Republican,Franklin,No,,No,3280.0,3280.0,3280.0,0.0,3280.0,3280.0,3280.0,0.0,0.0,0.0,0.0,0.0
Anne F. Quillen (Democrat of Crossville),"Quillen, Anne F.",Democrat,Crossville,No,,No,3250.0,3250.0,0.0,0.0,1900.0,1900.0,0.0,0.0,1350.0,1350.0,0.0,0.0
Sloan Andrew Stewart (Republican of Winchester),"Stewart, Sloan Andrew",Republican,Winchester,No,,No,2969.25,2969.25,0.0,0.0,2969.25,2969.25,0.0,0.0,0.0,0.0,0.0,0.0
George Edwards (Republican of Millington),"Edwards, George",Republican,Millington,No,,No,2811.01,0.0,0.0,0.0,2811.01,0.0,0.0,0.0,0.0,0.0,0.0,0.0
Jason Hodges (Democrat of Clarksville),"Hodges, Jason",Democrat,Clarksville,No,,No,2779.0,2779.0,0.0,0.0,2779.0,2779.0,0.0,0.0,0.0,0.0,0.0,0.0
Roger Kane (Republican of Knoxville),"Kane, Roger",Republican,Knoxville,No,,No,2752.7499999999995,0.0,0.0,0.0,2752.7499999999995,0.0,0.0,0.0,0.0,0.0,0.0,0.0
Clay Doggett (Republican of Pulaski),"Doggett, Clay",Republican,Pulaski,Yes,House of Representatives 70,Yes,2729.96,2729.96,1715.6499999999999,299.25,2729.96,2729.96,1715.6499999999999,299.25,0.0,0.0,0.0,0.0
Jeff Eby (Republican of Dickson),"Eby, Jeff",Republican,Dickson,No,,No,2685.0,2685.0,2685.0,0.0,2685.0,2685.0,2685.0,0.0,0.0,0.0,0.0,0.0
Todd Warner (Republican of Chapel Hill),"Warner, Todd",Republican,Chapel Hill,Yes,House of Representatives 92,Yes,2597.73,2597.73,2500.7,0.0,2597.73,2597.73,2500.7,0.0,0.0,0.0,0.0,0.0
Beth Halteman Harwell (House 16) (Republican of Nashville),"Harwell (House 16), Beth Halteman",Republican,Nashville,No,,No,2585.2000000000003,0.0,0.0,0.0,22.88,0.0,0.0,0.0,2562.32,0.0,0.0,0.0
Kenny Cody (Republican of Cosby),"Cody, Kenny",Republican,Cosby,No,,Yes,2537.5,2537.5,2537.5,2537.5,2537.5,2537.5,2537.5,2537.5,0.0,0.0,0.0,0.0
Joda Thongnopnua (Democrat of Chattanooga),"Thongnopnua, Joda",Democrat,Chattanooga,No,,No,2507.8699999999994,2507.8699999999994,0.0,0.0,2507.8699999999994,2507.8699999999994,0.0,0.0,0.0,0.0,0.0,0.0
Johnathan Mason (Republican of Chattanooga),"Mason, Johnathan",Republican,Chattanooga,No,,No,2500.0,2500.0,0.0,0.0,0.0,0.0,0.0,0.0,2500.0,2500.0,0.0,0.0
Tim Hicks (Republican of Gray),"Hicks, Tim",Republican,Gray,Yes,House of Representatives 6,Yes,2496.2200000000003,2496.2200000000003,2399.19,0.0,2496.2200000000003,2496.2200000000003,2399.19,0.0,0.0,0.0,0.0,0.0
Tim Hicks (Republican of Johnson City),"Hicks, Tim",Republican,Johnson City,Yes,House of Representatives 6,Yes,2496.2200000000003,2496.2200000000003,2399.19,0.0,2496.2200000000003,2496.2200000000003,2399.19,0.0,0.0,0.0,0.0,0.0
Justin Jones (Democrat of Nashville),"Jones, Justin",Democrat,Nashville,Yes,House of Representatives 52,Yes,2492.0600000000004,2492.0600000000004,2492.0600000000004,0.0,2492.0600000000004,2492.0600000000004,2492.0600000000004,0.0,0.0,0.0,0.0,0.0
Greg MacKay (Democrat of Knoxville),"MacKay, Greg",Democrat,Knoxville,No,,No,2466.92,2466.92,0.0,0.0,2466.92,2466.92,0.0,0.0,0.0,0.0,0.0,0.0
Jason Gilliam (Republican of Columbia),"Gilliam, Jason",Republican,Columbia,No,,No,2460.0,2460.0,2460.0,0.0,2460.0,2460.0,2460.0,0.0,0.0,0.0,0.0,0.0
Bruce I. Griffey (Republican of Paris),"Griffey, Bruce I.",Republican,Paris,No,,No,2381.68,2381.68,0.0,0.0,354.36,354.36,0.0,0.0,2027.32,2027.32,0.0,0.0
Paul Bailey (Republican of Cookeville),"Bailey, Paul",Republican,Cookeville,Yes,Senate District 15,Yes,2380.02,2380.02,2380.02,0.0,2380.02,2380.02,2380.02,0.0,0.0,0.0,0.0,0.0
Paul Bailey (Republican of Sparta),"Bailey, Paul",Republican,Sparta,Yes,Senate District 15,Yes,2380.02,2380.02,2380.02,0.0,2380.02,2380.02,2380.02,0.0,0.0,0.0,0.0,0.0
Dia Hart (Republican of Nashville),"Hart, Dia",Republican,Nashville,No,,No,2347.6099999999997,2347.6099999999997,2347.6099999999997,0.0,2347.6099999999997,2347.6099999999997,2347.6099999999997,0.0,0.0,0.0,0.0,0.0
Bill Dunn (Republican of Knoxville),"Dunn, Bill",Republican,Knoxville,No,,No,2229.91,1771.81,0.0,0.0,2229.91,1771.81,0.0,0.0,0.0,0.0,0.0,0.0
Aaron Holladay (Republican of Lavergne),"Holladay, Aaron",Republican,Lavergne,No,,No,2208.88,0.0,0.0,0.0,2208.88,0.0,0.0,0.0,0.0,0.0,0.0,0.0
Justin Spurlock (Republican of Burns),"Spurlock, Justin",Republican,Burns,No,,No,2147.6,2147.6,2147.6,0.0,0.0,0.0,0.0,0.0,2147.6,2147.6,2147.6,0.0
Mary Mancini (Democrat of Nashville),"Mancini, Mary",Democrat,Nashville,No,,No,2144.97,0.0,0.0,0.0,2144.97,0.0,0.0,0.0,0.0,0.0,0.0,0.0
Angela Hedgecough (Democrat of Cookeville),"Hedgecough, Angela",Democrat,Cookeville,No,,No,2144.8,2144.8,0.0,0.0,2144.8,2144.8,0.0,0.0,0.0,0.0,0.0,0.0
Bryan Terry (Republican of Murfreesboro),"Terry, Bryan",Republican,Murfreesboro,Yes,House of Representatives 48,Yes,2134.48,1876.32,876.3199999999999,299.25,2134.48,1876.32,876.3199999999999,299.25,0.0,0.0,0.0,0.0
Bobby Robinson (Republican of Sparta),"Robinson, Bobby",Republican,Sparta,No,,No,1941.39,1941.39,1941.39,0.0,1941.39,1941.39,1941.39,0.0,0.0,0.0,0.0,0.0
John Wang (Republican of Nashville),"Wang, John",Republican,Nashville,No,,No,1858.27,0.0,0.0,0.0,1858.27,0.0,0.0,0.0,0.0,0.0,0.0,0.0
Susan Lynn (Republican of Old Hickory),"Lynn, Susan",Republican,Old Hickory,Yes,House of Representatives 57,Yes,1854.6,1854.6,0.0,0.0,1500.0,1500.0,0.0,0.0,354.6,354.6,0.0,0.0
Susan Lynn (Republican of Lebanon),"Lynn, Susan",Republican,Lebanon,Yes,House of Representatives 57,Yes,1854.6,1854.6,0.0,0.0,1500.0,1500.0,0.0,0.0,354.6,354.6,0.0,0.0
Susan Lynn (Republican of Mount Juliet),"Lynn, Susan",Republican,Mount Juliet,Yes,House of Representatives 57,Yes,1854.6,1854.6,0.0,0.0,1500.0,1500.0,0.0,0.0,354.6,354.6,0.0,0.0
James C. Turner (Democrat of Antioch),"Turner,  James C.",Democrat,Antioch,No,,No,1848.09,1848.09,0.0,0.0,0.0,0.0,0.0,0.0,1848.09,1848.09,0.0,0.0
Larry Proffitt (Democrat of Greenbrier),"Proffitt, Larry",Democrat,Greenbrier,No,,No,1800.0,0.0,0.0,0.0,1800.0,0.0,0.0,0.0,0.0,0.0,0.0,0.0
Mike Stewart (Democrat of Nashville),"Stewart, Mike",Democrat,Nashville,No,,No,1715.0,1465.0,0.0,0.0,1715.0,1465.0,0.0,0.0,0.0,0.0,0.0,0.0
Tony Gross (Democrat of Kingston Springs),"Gross, Tony",Democrat,Kingston Springs,No,,No,1679.9,0.0,0.0,0.0,1679.9,0.0,0.0,0.0,0.0,0.0,0.0,0.0
Judy Barnett (Democrat of Crossville),"Barnett, Judy",Democrat,Crossville,No,,No,1676.46,0.0,0.0,0.0,1676.46,0.0,0.0,0.0,0.0,0.0,0.0,0.0
Julia Hurley (Republican of Lenoir City),"Hurley, Julia",Republican,Lenoir City,No,,No,1665.0,0.0,0.0,0.0,1665.0,0.0,0.0,0.0,0.0,0.0,0.0,0.0
Julia Hurley (Republican of Harriman),"Hurley, Julia",Republican,Harriman,No,,No,1665.0,0.0,0.0,0.0,1665.0,0.0,0.0,0.0,0.0,0.0,0.0,0.0
Dennis Powers (Republican of Jacksboro),"Powers, Dennis",Republican,Jacksboro,Yes,House of Representatives 36,Yes,1649.7,849.7,849.7,299.25,1649.7,849.7,849.7,299.25,0.0,0.0,0.0,0.0
Tucker Marcum (Republican of Eagleville),"Marcum, Tucker",Republican,Eagleville,No,,No,1615.07,1615.07,1615.07,0.0,0.0,0.0,0.0,0.0,1615.07,1615.07,1615.07,0.0
Rickey Dixon (Democrat of Memphis),"Dixon, Rickey",Democrat,Memphis,No,,No,1614.16,1614.16,0.0,0.0,1614.16,1614.16,0.0,0.0,0.0,0.0,0.0,0.0
Beth Harwell (Republican of Nashville),"Harwell, Beth",Republican,Nashville,No,,No,1600.0,1600.0,0.0,0.0,1600.0,1600.0,0.0,0.0,0.0,0.0,0.0,0.0
Jeff Coker (Republican of Hendersonville),"Coker, Jeff",Republican,Hendersonville,No,,No,1530.0,0.0,0.0,0.0,1530.0,0.0,0.0,0.0,0.0,0.0,0.0,0.0
Delishia Porterfield (Democrat of Nashville),"Porterfield, Delishia",Democrat,Nashville,No,,No,1409.62,1409.62,1409.62,0.0,1409.62,1409.62,1409.62,0.0,0.0,0.0,0.0,0.0
Donnie Hall (Republican of Harriman),"Hall, Donnie",Republican,Harriman,No,,No,1408.22,1408.22,1408.22,0.0,1408.22,1408.22,1408.22,0.0,0.0,0.0,0.0,0.0
Tami (Tamara) Sawyer (Democrat of Memphis),"Sawyer, Tami (Tamara)",Democrat,Memphis,No,,No,1313.5,0.0,0.0,0.0,1313.5,0.0,0.0,0.0,0.0,0.0,0.0,0.0
Jeff Yarbro (Democrat of Nashville),"Yarbro, Jeff",Democrat,Nashville,Yes,Senate District 21,Yes,1304.34,9.4,0.0,0.0,1304.34,9.4,0.0,0.0,0.0,0.0,0.0,0.0
Deborah Castle Doyle (Democrat of Nashville),"Castle Doyle, Deborah",Democrat,Nashville,No,,No,1264.28,1264.28,1264.28,0.0,1264.28,1264.28,1264.28,0.0,0.0,0.0,0.0,0.0
Mark Green (Republican of Ashland City),"Green, Mark",Republican,Ashland City,No,,No,1257.12,0.0,0.0,0.0,1257.12,0.0,0.0,0.0,0.0,0.0,0.0,0.0
Ron Travis (Republican of Dayton),"Travis, Ron",Republican,Dayton,Yes,House of Representatives 31,No,1243.38,817.3,817.3,0.0,1243.38,817.3,817.3,0.0,0.0,0.0,0.0,0.0
Jonathan Yancey (Democrat of Murfreesboro),"Yancey, Jonathan",Democrat,Murfreesboro,No,,No,1119.77,1119.77,1119.77,0.0,0.0,0.0,0.0,0.0,1119.77,1119.77,1119.77,0.0
Garfield Scott (Democrat of Woodlawn),"Scott, Garfield",Democrat,Woodlawn,No,,Yes,966.9,966.9,966.9,0.0,966.9,966.9,966.9,0.0,0.0,0.0,0.0,0.0
Garfield Scott (Democrat of Clarksville),"Scott, Garfield",Democrat,Clarksville,No,,Yes,966.9,966.9,966.9,0.0,966.9,966.9,966.9,0.0,0.0,0.0,0.0,0.0
Stephen McManus (Republican of Cordova),"McManus, Stephen",Republican,Cordova,No,,No,900.0,0.0,0.0,0.0,900.0,0.0,0.0,0.0,0.0,0.0,0.0,0.0
Stephen McManus (Republican of Collierville),"McManus, Stephen",Republican,Collierville,No,,No,900.0,0.0,0.0,0.0,900.0,0.0,0.0,0.0,0.0,0.0,0.0,0.0
Stephen McManus (Republican of Arcadia),"McManus, Stephen",Republican,Arcadia,No,,No,900.0,0.0,0.0,0.0,900.0,0.0,0.0,0.0,0.0,0.0,0.0,0.0
Jane George (Democrat of Knoxville),"George, Jane",Democrat,Knoxville,No,,No,900.0,900.0,0.0,0.0,900.0,900.0,0.0,0.0,0.0,0.0,0.0,0.0
Joshua Evans (Republican of Springfield),"Evans, Joshua",Republican,Springfield,No,,No,813.23,0.0,0.0,0.0,813.23,0.0,0.0,0.0,0.0,0.0,0.0,0.0
Joshua Evans (Republican of Greenbrier),"Evans, Joshua",Republican,Greenbrier,No,,No,813.23,0.0,0.0,0.0,813.23,0.0,0.0,0.0,0.0,0.0,0.0,0.0
Deanna Debow Osborne (Democrat of Murfreesboro),"Osborne, Deanna Debow",Democrat,Murfreesboro,No,,No,775.56,775.56,0.0,0.0,775.56,775.56,0.0,0.0,0.0,0.0,0.0,0.0
Anne Backus (Democrat of Oak Ridge),"Backus, Anne",Democrat,Oak Ridge,No,,Yes,761.02,761.02,761.02,0.0,761.02,761.02,761.02,0.0,0.0,0.0,0.0,0.0
Kevin Parsons (Republican of Mountain City),"Parsons, Kevin",Republican,Mountain City,No,,No,754.89,0.0,0.0,0.0,754.89,0.0,0.0,0.0,0.0,0.0,0.0,0.0
Bryan Langan (Democrat of Knoxville),"Langan, Bryan",Democrat,Knoxville,No,,Yes,750.0,750.0,750.0,0.0,750.0,750.0,750.0,0.0,0.0,0.0,0.0,0.0
Laurie Cardoza-Moore (Republican of Franklin),"Cardoza-Moore, Laurie",Republican,Franklin,No,,No,750.0,750.0,750.0,0.0,750.0,750.0,750.0,0.0,0.0,0.0,0.0,0.0
Dwight 'Dj' Farris (Republican of Nashville),"Farris, Dwight 'Dj'",Republican,Nashville,No,,No,744.77,0.0,0.0,0.0,744.77,0.0,0.0,0.0,0.0,0.0,0.0,0.0
Kevin Raper (Republican of Cleveland),"Raper, Kevin",Republican,Cleveland,Yes,House of Representatives 24,Yes,721.01,721.01,721.01,299.25,721.01,721.01,721.01,299.25,0.0,0.0,0.0,0.0
Harry Brooks (Republican of Knoxville),"Brooks, Harry",Republican,Knoxville,No,,No,708.1,0.0,0.0,0.0,708.1,0.0,0.0,0.0,0.0,0.0,0.0,0.0
Rebecca Alexander (Republican of Jonesborough),"Alexander, Rebecca",Republican,Jonesborough,Yes,House of Representatives 7,Yes,674.0999999999999,674.0999999999999,577.0699999999999,0.0,674.0999999999999,674.0999999999999,577.0699999999999,0.0,0.0,0.0,0.0,0.0
Kenneth R. Moore (Democrat of Loudon),"Moore, Kenneth R.",Democrat,Loudon,No,,No,640.0,640.0,640.0,0.0,640.0,640.0,640.0,0.0,0.0,0.0,0.0,0.0
Anya Parker (Democrat of Memphis),"Parker, Anya",Democrat,Memphis,No,,No,636.93,636.93,0.0,0.0,636.93,636.93,0.0,0.0,0.0,0.0,0.0,0.0
Ron Ramsey (Republican of Blountville),"Ramsey, Ron",Republican,Blountville,No,,No,627.37,0.0,0.0,0.0,627.37,0.0,0.0,0.0,0.0,0.0,0.0,0.0
Susan Sneed (Democrat of Maryville),"Sneed, Susan",Democrat,Maryville,No,,No,626.5,626.5,0.0,0.0,626.5,626.5,0.0,0.0,0.0,0.0,0.0,0.0
Jay Clark (Democrat of Rockford),"Clark, Jay",Democrat,Rockford,No,,No,626.5,626.5,0.0,0.0,626.5,626.5,0.0,0.0,0.0,0.0,0.0,0.0
Yusuf Hakeem (Democrat of Chattanooga),"Hakeem, Yusuf",Democrat,Chattanooga,Yes,House of Representatives 28,Yes,610.0,610.0,0.0,0.0,610.0,610.0,0.0,0.0,0.0,0.0,0.0,0.0
Ailina Carona (Democrat of Mount Juliet),"Carona, Ailina",Democrat,Mount Juliet,No,,No,587.69,587.69,587.69,0.0,587.69,587.69,587.69,0.0,0.0,0.0,0.0,0.0
Joni Cochran (Democrat of Mt. Juliet),"Cochran, Joni",Democrat,Mt. Juliet,No,,Yes,579.73,579.73,579.73,0.0,579.73,579.73,579.73,0.0,0.0,0.0,0.0,0.0
Joni Cochran (Democrat of Lebanon),"Cochran, Joni",Democrat,Lebanon,No,,Yes,579.73,579.73,579.73,0.0,579.73,579.73,579.73,0.0,0.0,0.0,0.0,0.0
Amanda Collins (Democrat of Knoxville),"Collins, Amanda",Democrat,Knoxville,No,,No,579.65,579.65,579.65,0.0,579.65,579.65,579.65,0.0,0.0,0.0,0.0,0.0
Dominique Primer (Democrat of Memphis),"Primer, Dominique",Democrat,Memphis,No,,No,563.83,563.83,0.0,0.0,563.83,563.83,0.0,0.0,0.0,0.0,0.0,0.0
Teri Mai (Democrat of Dickinson),"Mai, Teri",Democrat,Dickinson,No,,Yes,556.63,556.63,556.63,0.0,556.63,556.63,556.63,0.0,0.0,0.0,0.0,0.0
Teri Mai (Democrat of Spring Hill),"Mai, Teri",Democrat,Spring Hill,No,,Yes,556.63,556.63,556.63,0.0,556.63,556.63,556.63,0.0,0.0,0.0,0.0,0.0
Christopher Huff (Republican of Old Hickory),"Huff, Christopher",Republican,Old Hickory,No,,No,529.92,529.92,529.92,0.0,529.92,529.92,529.92,0.0,0.0,0.0,0.0,0.0
Kate Craig (Democrat of Johnson City),"Craig, Kate",Democrat,Johnson City,No,,No,500.0,500.0,500.0,0.0,500.0,500.0,500.0,0.0,0.0,0.0,0.0,0.0
Beverly Marrero (Democrat of Memphis),"Marrero, Beverly",Democrat,Memphis,No,,No,500.0,0.0,0.0,0.0,500.0,0.0,0.0,0.0,0.0,0.0,0.0,0.0
Jim Kyle (Democrat of Memphis),"Kyle, Jim",Democrat,Memphis,No,,No,500.0,0.0,0.0,0.0,500.0,0.0,0.0,0.0,0.0,0.0,0.0,0.0
Seth James Campbell (Democrat of Columbia),"Campbell, Seth James",Democrat,Columbia,No,,No,492.0,0.0,0.0,0.0,492.0,0.0,0.0,0.0,0.0,0.0,0.0,0.0
Roger W. Griffith (Republican of Jefferson City),"Griffith, Roger W.",Republican,Jefferson City,No,,No,487.6,0.0,0.0,0.0,487.6,0.0,0.0,0.0,0.0,0.0,0.0,0.0
Patricia Causey (Democrat of Lakeland),"Causey, Patricia",Democrat,Lakeland,No,,No,477.8,477.8,477.8,0.0,477.8,477.8,477.8,0.0,0.0,0.0,0.0,0.0
Justin Lafferty (Republican of Knoxville),"Lafferty, Justin",Republican,Knoxville,Yes,House of Representatives 89,Yes,469.31,469.31,0.0,0.0,469.31,469.31,0.0,0.0,0.0,0.0,0.0,0.0
Clifford Stockton (Democrat of Cordova),"Stockton, Clifford",Democrat,Cordova,No,,No,449.07,449.07,0.0,0.0,449.07,449.07,0.0,0.0,0.0,0.0,0.0,0.0
Sanjeev Memula (Democrat of Collierville),"Memula, Sanjeev",Democrat,Collierville,No,,No,433.93,433.93,433.93,0.0,433.93,433.93,433.93,0.0,0.0,0.0,0.0,0.0
Dominique Frost (Democrat of Memphis),"Frost, Dominique",Democrat,Memphis,No,,No,426.08,426.08,0.0,0.0,426.08,426.08,0.0,0.0,0.0,0.0,0.0,0.0
Jim Tracy (Republican of Nashville),"Tracy, Jim",Republican,Nashville,No,,No,408.88,0.0,0.0,0.0,408.88,0.0,0.0,0.0,0.0,0.0,0.0,0.0
Jim Tracy (Republican of Murfreesboro),"Tracy, Jim",Republican,Murfreesboro,No,,No,408.88,0.0,0.0,0.0,408.88,0.0,0.0,0.0,0.0,0.0,0.0,0.0
Betty Vaudt (Democrat of Cookeville),"Vaudt, Betty",Democrat,Cookeville,No,,No,352.40999999999997,0.0,0.0,0.0,352.40999999999997,0.0,0.0,0.0,0.0,0.0,0.0,0.0
Tom Cook (Democrat of Silver Point),"Cook, Tom",Democrat,Silver Point,No,,No,349.96,349.96,349.96,0.0,349.96,349.96,349.96,0.0,0.0,0.0,0.0,0.0
Matt H. Ferry (Democrat of Milton),"Ferry, Matt H.",Democrat,Milton,No,,No,311.47999999999996,311.47999999999996,311.47999999999996,0.0,311.47999999999996,311.47999999999996,311.47999999999996,0.0,0.0,0.0,0.0,0.0
Matt Ferry (Democrat of Murfreesboro),"Ferry, Matt",Democrat,Murfreesboro,No,,Yes,311.47999999999996,311.47999999999996,311.47999999999996,0.0,311.47999999999996,311.47999999999996,311.47999999999996,0.0,0.0,0.0,0.0,0.0
Matt H. Ferry (Democrat of Murfreesboro),"Ferry, Matt H.",Democrat,Murfreesboro,No,,No,311.47999999999996,311.47999999999996,311.47999999999996,0.0,311.47999999999996,311.47999999999996,311.47999999999996,0.0,0.0,0.0,0.0,0.0
Gerald McCormick (Republican of Chattanooga),"McCormick, Gerald",Republican,Chattanooga,No,,No,305.91,0.0,0.0,0.0,305.91,0.0,0.0,0.0,0.0,0.0,0.0,0.0
Gerald McCormick (Republican of Nashville),"McCormick, Gerald",Republican,Nashville,No,,No,305.91,0.0,0.0,0.0,305.91,0.0,0.0,0.0,0.0,0.0,0.0,0.0
Kelly Northcutt (Democrat of Murfreesboro),"Northcutt, Kelly",Democrat,Murfreesboro,No,,No,300.0,300.0,300.0,0.0,300.0,300.0,300.0,0.0,0.0,0.0,0.0,0.0
Kisha Davis (Democrat of Franklin),"Davis, Kisha",Democrat,Franklin,No,,No,300.0,300.0,300.0,0.0,300.0,300.0,300.0,0.0,0.0,0.0,0.0,0.0
Scott Hughes (Republican of Seymour),"Hughes, Scott",Republican,Seymour,No,,No,300.0,0.0,0.0,0.0,300.0,0.0,0.0,0.0,0.0,0.0,0.0,0.0
Sara Thompson (Democrat of Sevierville),"Thompson, Sara",Democrat,Sevierville,No,,No,300.0,300.0,300.0,0.0,300.0,300.0,300.0,0.0,0.0,0.0,0.0,0.0
Dan Howell (Republican of Benton),"Howell, Dan",Republican,Benton,Yes,House of Representatives 22,Yes,299.25,299.25,299.25,299.25,299.25,299.25,299.25,299.25,0.0,0.0,0.0,0.0
Dan Howell (Republican of Cleveland),"Howell, Dan",Republican,Cleveland,Yes,House of Representatives 22,Yes,299.25,299.25,299.25,299.25,299.25,299.25,299.25,299.25,0.0,0.0,0.0,0.0
Fred Atchley (Republican of Sevierville),"Atchley, Fred",Republican,Sevierville,Yes,House of Representatives 12,Yes,299.25,299.25,299.25,299.25,299.25,299.25,299.25,299.25,0.0,0.0,0.0,0.0
Renea Jones (Republican of Unicoi),"Jones, Renea",Republican,Unicoi,Yes,House of Representatives 4,Yes,299.25,299.25,299.25,299.25,299.25,299.25,299.25,299.25,0.0,0.0,0.0,0.0
Dan Howell (Republican of Georgetown),"Howell, Dan",Republican,Georgetown,Yes,House of Representatives 22,Yes,299.25,299.25,299.25,299.25,299.25,299.25,299.25,299.25,0.0,0.0,0.0,0.0
Mike Kernell (Democrat of Memphis),"Kernell, Mike",Democrat,Memphis,No,,No,250.0,0.0,0.0,0.0,250.0,0.0,0.0,0.0,0.0,0.0,0.0,0.0
Janis Baird Sontany (Democrat of Nashville),"Sontany, Janis Baird",Democrat,Nashville,No,,No,250.0,0.0,0.0,0.0,250.0,0.0,0.0,0.0,0.0,0.0,0.0,0.0
Robyn Deck (Democrat of Crossville),"Deck, Robyn",Democrat,Crossville,No,,No,250.0,250.0,0.0,0.0,250.0,250.0,0.0,0.0,0.0,0.0,0.0,0.0
Joe Armstrong (Democrat of Knoxville),"Armstrong, Joe",Democrat,Knoxville,No,,No,250.0,0.0,0.0,0.0,0.0,0.0,0.0,0.0,250.0,0.0,0.0,0.0
Jeanne Richardson (Democrat of Memphis),"Richardson, Jeanne",Democrat,Memphis,No,,No,250.0,0.0,0.0,0.0,250.0,0.0,0.0,0.0,0.0,0.0,0.0,0.0
Joanne Favors (Democrat of Chattanooga),"Favors, Joanne",Democrat,Chattanooga,No,,No,250.0,0.0,0.0,0.0,250.0,0.0,0.0,0.0,0.0,0.0,0.0,0.0
Karen Camper (Democrat of Memphis),"Camper, Karen",Democrat,Memphis,Yes,House of Representatives 87,Yes,250.0,0.0,0.0,0.0,250.0,0.0,0.0,0.0,0.0,0.0,0.0,0.0
Marjorie Ramsey (Democrat of Newport),"Ramsey, Marjorie",Democrat,Newport,No,,No,250.0,0.0,0.0,0.0,250.0,0.0,0.0,0.0,0.0,0.0,0.0,0.0
G.A. Hardaway (Democrat of Memphis),"Hardaway, G.A.",Democrat,Memphis,Yes,House of Representatives 93,No,250.0,0.0,0.0,0.0,250.0,0.0,0.0,0.0,0.0,0.0,0.0,0.0
Tommie Brown (Democrat of Chattanooga),"Brown, Tommie",Democrat,Chattanooga,No,,No,250.0,0.0,0.0,0.0,250.0,0.0,0.0,0.0,0.0,0.0,0.0,0.0
Kevin Vaughan (Republican of Collierville),"Vaughan, Kevin",Republican,Collierville,Yes,House of Representatives 95,Yes,247.48000000000002,247.48000000000002,247.48000000000002,0.0,247.48000000000002,247.48000000000002,247.48000000000002,0.0,0.0,0.0,0.0,0.0
Dustin Evans (Democrat of Dickson),"Evans, Dustin",Democrat,Dickson,No,,No,246.03,0.0,0.0,0.0,246.03,0.0,0.0,0.0,0.0,0.0,0.0,0.0
Jennifer Vannoy (Democrat of Murfreesboro),"Vannoy, Jennifer",Democrat,Murfreesboro,No,,No,207.43,207.43,0.0,0.0,207.43,207.43,0.0,0.0,0.0,0.0,0.0,0.0
Patricia Waters (Democrat of Athens),"Waters, Patricia",Democrat,Athens,No,,No,200.0,200.0,200.0,0.0,200.0,200.0,200.0,0.0,0.0,0.0,0.0,0.0
Vincent Dixie (Democrat of Nashville),"Dixie, Vincent",Democrat,Nashville,Yes,House of Representatives 54,Yes,165.0,165.0,165.0,0.0,165.0,165.0,165.0,0.0,0.0,0.0,0.0,0.0
Vincent Dixie (Democrat of Whites Creek),"Dixie, Vincent",Democrat,Whites Creek,Yes,House of Representatives 54,Yes,165.0,165.0,165.0,0.0,165.0,165.0,165.0,0.0,0.0,0.0,0.0,0.0
Harold Love (Democrat of Nashville),"Love, Harold",Democrat,Nashville,Yes,House of Representatives 58,Yes,165.0,165.0,165.0,0.0,165.0,165.0,165.0,0.0,0.0,0.0,0.0,0.0
Bob Shutt (Republican of Savannah),"Shutt, Bob",Republican,Savannah,No,,No,150.0,0.0,0.0,0.0,150.0,0.0,0.0,0.0,0.0,0.0,0.0,0.0
Dallas Sivley (Republican of Knoxville),"Sivley, Dallas",Republican,Knoxville,No,,No,150.0,150.0,0.0,0.0,150.0,150.0,0.0,0.0,0.0,0.0,0.0,0.0
Gayla Hendrix (Democrat of Smithville),"Hendrix, Gayla",Democrat,Smithville,No,,No,145.0,0.0,0.0,0.0,145.0,0.0,0.0,0.0,0.0,0.0,0.0,0.0
Robin Smith (Republican of Hixson),"Smith, Robin",Republican,Hixson,No,,No,141.74,141.74,0.0,0.0,141.74,141.74,0.0,0.0,0.0,0.0,0.0,0.0
Brandon Ogles (Republican of Franklin),"Ogles, Brandon",Republican,Franklin,No,,No,121.27,121.27,0.0,0.0,121.27,121.27,0.0,0.0,0.0,0.0,0.0,0.0
Sue Dubois (Democrat of Walland),"Dubois, Sue",Democrat,Walland,No,,No,113.92,113.92,113.92,0.0,113.92,113.92,113.92,0.0,0.0,0.0,0.0,0.0
Sue Dubois (Independent of Walland),"Dubois, Sue",Independent,Walland,No,,No,113.92,113.92,113.92,0.0,113.92,113.92,113.92,0.0,0.0,0.0,0.0,0.0
Sam Brown (Democrat of Knoxville),"Brown, Sam",Democrat,Knoxville,No,,No,90.0,90.0,0.0,0.0,90.0,90.0,0.0,0.0,0.0,0.0,0.0,0.0
Rick Staples (Democrat of Knoxville),"Staples, Rick",Democrat,Knoxville,No,,No,75.0,75.0,0.0,0.0,0.0,0.0,0.0,0.0,75.0,75.0,0.0,0.0
William Levine (Democrat of Murfreesboro),"Levine, William",Democrat,Murfreesboro,No,,No,68.0,68.0,68.0,0.0,68.0,68.0,68.0,0.0,0.0,0.0,0.0,0.0
Ezekiel (Zeke) Streetman (Democrat of Knoxville),"Streetman, Ezekiel (Zeke)",Democrat,Knoxville,No,,No,60.0,60.0,60.0,0.0,60.0,60.0,60.0,0.0,0.0,0.0,0.0,0.0
Marquis Dotson (Democrat of Knoxville),"Dotson,  Marquis",Democrat,Knoxville,No,,No,60.0,60.0,60.0,0.0,60.0,60.0,60.0,0.0,0.0,0.0,0.0,0.0
Heather McClendon (Democrat of Rock Spring),"McClendon, Heather",Democrat,Rock Spring,No,,No,57.2,57.2,57.2,0.0,57.2,57.2,57.2,0.0,0.0,0.0,0.0,0.0
Jameson Lee Manor (Democrat of Sppring Hill),"Manor, Jameson Lee",Democrat,Sppring Hill,No,,No,50.0,50.0,50.0,0.0,50.0,50.0,50.0,0.0,0.0,0.0,0.0,0.0
Jimmy Eldridge (Republican of Jackson),"Eldridge, Jimmy",Republican,Jackson,No,,No,48.6,0.0,0.0,0.0,48.6,0.0,0.0,0.0,0.0,0.0,0.0,0.0
Cary Hammond (Democrat of Knoxville),"Hammond, Cary",Democrat,Knoxville,No,,No,40.5,40.5,40.5,0.0,40.5,40.5,40.5,0.0,0.0,0.0,0.0,0.0
Missy Crutchfield (Democrat of Chattanooga),"Crutchfield, Missy",Democrat,Chattanooga,No,,No,33.65,33.65,33.65,0.0,33.65,33.65,33.65,0.0,0.0,0.0,0.0,0.0
Lauren Carver (Democrat of Powell),"Carver, Lauren",Democrat,Powell,No,,No,29.830000000000002,29.830000000000002,29.830000000000002,0.0,29.830000000000002,29.830000000000002,29.830000000000002,0.0,0.0,0.0,0.0,0.0
Cheryl (Cheri) Brown (Democrat of Murfreesboro),"Brown, Cheryl (Cheri)",Democrat,Murfreesboro,No,,No,28.53,28.53,28.53,0.0,28.53,28.53,28.53,0.0,0.0,0.0,0.0,0.0
Jimmy Matlock (Republican of Lenoir City),"Matlock, Jimmy",Republican,Lenoir City,No,,Yes,27.72,0.0,0.0,0.0,27.72,0.0,0.0,0.0,0.0,0.0,0.0,0.0
James Coley (Republican of Bartlett),"Coley, James",Republican,Bartlett,No,,No,26.7,26.7,0.0,0.0,26.7,26.7,0.0,0.0,0.0,0.0,0.0,0.0
Tamra King (Democrat of Chapel Hill),"King, Tamra",Democrat,Chapel Hill,No,,No,26.0,0.0,0.0,0.0,26.0,0.0,0.0,0.0,0.0,0.0,0.0,0.0
Patti Young (Democrat of Walland),"Young, Patti",Democrat,Walland,No,,No,25.93,25.93,25.93,0.0,25.93,25.93,25.93,0.0,0.0,0.0,0.0,0.0
Ryan Scofield (Democrat of Harrison),"Scofield, Ryan",Democrat,Harrison,No,,Yes,20.72,20.72,20.72,0.0,20.72,20.72,20.72,0.0,0.0,0.0,0.0,0.0
Ryan Scofield (Democrat of Chattanooga),"Scofield, Ryan",Democrat,Chattanooga,No,,Yes,20.72,20.72,20.72,0.0,20.72,20.72,20.72,0.0,0.0,0.0,0.0,0.0
Lexi Melton (Democrat of Hartsville),"Melton, Lexi",Democrat,Hartsville,No,,No,19.97,19.97,19.97,0.0,19.97,19.97,19.97,0.0,0.0,0.0,0.0,0.0
Curtis Kelly (Democrat of Clarkrange),"Kelly, Curtis",Democrat,Clarkrange,No,,No,19.46,19.46,19.46,0.0,19.46,19.46,19.46,0.0,0.0,0.0,0.0,0.0
Derek Hawn (Democrat of Wartburg),"Hawn, Derek",Democrat,Wartburg,No,,No,18.45,18.45,18.45,0.0,18.45,18.45,18.45,0.0,0.0,0.0,0.0,0.0
Jason Zachary (Republican of Knoxville),"Zachary, Jason",Republican,Knoxville,Yes,House of Representatives 14,Yes,16.28,0.0,0.0,0.0,16.28,0.0,0.0,0.0,0.0,0.0,0.0,0.0
Leslie Braddock (Democrat of Gatlinburg),"Braddock, Leslie",Democrat,Gatlinburg,No,,No,15.06,15.06,15.06,0.0,15.06,15.06,15.06,0.0,0.0,0.0,0.0,0.0
Amber (Bennie) Taylor (Democrat of Cookeville),"Taylor, Amber (Bennie)",Democrat,Cookeville,No,,No,13.25,13.25,13.25,0.0,13.25,13.25,13.25,0.0,0.0,0.0,0.0,0.0
Jason Powell (2018) (Democrat of Nashville),"Powell (2018), Jason",Democrat,Nashville,No,,No,9.4,9.4,0.0,0.0,9.4,9.4,0.0,0.0,0.0,0.0,0.0,0.0
John Ray Clemmons (Democrat of Nashville),"Clemmons, John Ray",Democrat,Nashville,Yes,House of Representatives 55,Yes,9.4,9.4,0.0,0.0,9.4,9.4,0.0,0.0,0.0,0.0,0.0,0.0
Coleen Martinez (Democrat of Knoxville),"Martinez, Coleen",Democrat,Knoxville,No,,No,9.4,9.4,0.0,0.0,9.4,9.4,0.0,0.0,0.0,0.0,0.0,0.0
Mallory Pickert (Democrat of Cleveland),"Pickert, Mallory",Democrat,Cleveland,No,,No,9.4,9.4,0.0,0.0,9.4,9.4,0.0,0.0,0.0,0.0,0.0,0.0
Justin Davis (Democrat of Knoxville),"Davis, Justin",Democrat,Knoxville,No,,No,9.4,9.4,0.0,0.0,9.4,9.4,0.0,0.0,0.0,0.0,0.0,0.0
David Thomforde (Democrat of Athens),"Thomforde, David",Democrat,Athens,No,,No,7.04,7.04,7.04,0.0,7.04,7.04,7.04,0.0,0.0,0.0,0.0,0.0
